-- phpMyAdmin SQL Dump
-- version 5.1.0
-- https://www.phpmyadmin.net/
--
-- Host: localhost:3306
-- Generation Time: Sep 14, 2021 at 11:10 AM
-- Server version: 5.7.24
-- PHP Version: 7.4.18

SET SQL_MODE = "NO_AUTO_VALUE_ON_ZERO";
START TRANSACTION;
SET time_zone = "+00:00";


/*!40101 SET @OLD_CHARACTER_SET_CLIENT=@@CHARACTER_SET_CLIENT */;
/*!40101 SET @OLD_CHARACTER_SET_RESULTS=@@CHARACTER_SET_RESULTS */;
/*!40101 SET @OLD_COLLATION_CONNECTION=@@COLLATION_CONNECTION */;
/*!40101 SET NAMES utf8mb4 */;

--
-- Database: `icha`
--

-- --------------------------------------------------------

--
-- Table structure for table `akses`
--

CREATE TABLE `akses` (
  `id` bigint(20) UNSIGNED NOT NULL,
  `menu_id` bigint(20) UNSIGNED NOT NULL,
  `role_id` bigint(20) UNSIGNED NOT NULL,
  `created_at` timestamp NULL DEFAULT NULL,
  `updated_at` timestamp NULL DEFAULT NULL
) ENGINE=InnoDB DEFAULT CHARSET=utf8mb4 COLLATE=utf8mb4_unicode_ci;

--
-- Dumping data for table `akses`
--

INSERT INTO `akses` (`id`, `menu_id`, `role_id`, `created_at`, `updated_at`) VALUES
(1, 1, 1, NULL, NULL),
(3, 1, 2, NULL, NULL),
(15, 6, 1, '2021-08-01 18:18:34', '2021-08-01 18:18:34'),
(16, 7, 1, '2021-09-07 05:14:22', '2021-09-07 05:14:22'),
(17, 8, 1, '2021-09-07 10:54:39', '2021-09-07 10:54:39'),
(19, 9, 2, '2021-09-07 10:57:06', '2021-09-07 10:57:06'),
(20, 1, 3, '2021-09-07 23:47:53', '2021-09-07 23:47:53'),
(21, 2, 3, '2021-09-07 23:47:54', '2021-09-07 23:47:54'),
(22, 6, 3, '2021-09-07 23:47:55', '2021-09-07 23:47:55'),
(23, 7, 3, '2021-09-07 23:47:56', '2021-09-07 23:47:56'),
(24, 8, 3, '2021-09-07 23:47:56', '2021-09-07 23:47:56'),
(25, 9, 3, '2021-09-07 23:47:57', '2021-09-07 23:47:57');

-- --------------------------------------------------------

--
-- Table structure for table `dosen`
--

CREATE TABLE `dosen` (
  `id` int(10) UNSIGNED NOT NULL,
  `nidn` varchar(25) NOT NULL,
  `nama_dosen` varchar(50) NOT NULL,
  `created_at` timestamp NOT NULL DEFAULT CURRENT_TIMESTAMP,
  `updated_at` timestamp NOT NULL DEFAULT CURRENT_TIMESTAMP ON UPDATE CURRENT_TIMESTAMP
) ENGINE=InnoDB DEFAULT CHARSET=latin1;

--
-- Dumping data for table `dosen`
--

INSERT INTO `dosen` (`id`, `nidn`, `nama_dosen`, `created_at`, `updated_at`) VALUES
(652, '0812118402', 'AHMAD SUSAN PARDIYANSYAH', '2021-09-07 19:04:21', '2021-09-07 19:04:21'),
(653, '0827036202', 'AMBARA', '2021-09-07 19:04:21', '2021-09-07 19:04:21'),
(654, '0815128201', 'HAIRUL FAHMI', '2021-09-07 19:04:21', '2021-09-07 19:04:21'),
(655, '0812038502', 'HASYIM ASYARI', '2021-09-07 19:04:21', '2021-09-07 19:04:21'),
(656, '0813108602', 'ICHWAN PURWATA', '2021-09-07 19:04:21', '2021-09-07 19:04:21'),
(657, '0810088601', 'ISMAIL', '2021-09-07 19:04:21', '2021-09-07 19:04:21'),
(658, '0826098701', 'KHAIRUL IMTIHAN', '2021-09-07 19:04:21', '2021-09-07 19:04:21'),
(659, '9908419990', 'MAEMUN SALEH', '2021-09-07 19:04:21', '2021-09-07 19:04:21'),
(660, '0808058801', 'MAULANA ASHARI', '2021-09-07 19:04:21', '2021-09-07 19:04:21'),
(661, '0818018202', 'MOHAMMAD TAUFAN ASRI ZAEN', '2021-09-07 19:04:21', '2021-09-07 19:04:21'),
(662, '0819028402', 'MUHAMMAD FAUZI ZULKARNAEN', '2021-09-07 19:04:21', '2021-09-07 19:04:21'),
(663, '0831127908', 'MUSLEHUDIN', '2021-09-07 19:04:21', '2021-09-07 19:04:21'),
(664, '0804125201', 'OKIER FIRDAUS', '2021-09-07 19:04:21', '2021-09-07 19:04:21'),
(665, '0801018603', 'WIRE BAGYE', '2021-09-07 19:04:21', '2021-09-07 19:04:21'),
(666, 'STMIKL-17-001', 'SAEFUL HAMDI', '2021-09-07 19:04:21', '2021-09-07 19:04:21'),
(667, 'STMIKL-17-002', 'LALU ARKAN', '2021-09-07 19:04:21', '2021-09-07 19:04:21'),
(668, 'STMIKL-17-003', 'RUDI MAHSUN', '2021-09-07 19:04:21', '2021-09-07 19:04:21'),
(669, 'STMIKL-17-004', 'YULIADI', '2021-09-07 19:04:21', '2021-09-07 19:04:21'),
(670, 'STMIKL-17-005', 'MARDI', '2021-09-07 19:04:21', '2021-09-07 19:04:21'),
(671, 'STMIKL-17-006', 'SAIKIN', '2021-09-07 19:04:21', '2021-09-07 19:04:21'),
(672, 'STMIKL-17-007', 'JIHADUL AKBAR', '2021-09-07 19:04:21', '2021-09-07 19:04:21'),
(673, 'STMIKL-17-008', 'AHMAD FAUZAN', '2021-09-07 19:04:21', '2021-09-07 19:04:21'),
(674, 'STMIKL-17-009', 'EDY HARYANTO', '2021-09-07 19:04:21', '2021-09-07 19:04:21'),
(675, '0829079003', 'SOFIANSYAH FADLI', '2021-09-07 19:04:21', '2021-09-07 19:04:21'),
(676, '0831058801', 'SALMAN ALIAJI', '2021-09-07 19:04:21', '2021-09-07 19:04:21'),
(677, '0831129101', 'AHMAD TANTONI', '2021-09-07 19:04:21', '2021-09-07 19:04:21'),
(678, 'STMIKL-19-001', 'Wafiah Murniati', '2021-09-07 19:04:21', '2021-09-07 19:04:21');

-- --------------------------------------------------------

--
-- Table structure for table `failed_jobs`
--

CREATE TABLE `failed_jobs` (
  `id` bigint(20) UNSIGNED NOT NULL,
  `uuid` varchar(255) COLLATE utf8mb4_unicode_ci NOT NULL,
  `connection` text COLLATE utf8mb4_unicode_ci NOT NULL,
  `queue` text COLLATE utf8mb4_unicode_ci NOT NULL,
  `payload` longtext COLLATE utf8mb4_unicode_ci NOT NULL,
  `exception` longtext COLLATE utf8mb4_unicode_ci NOT NULL,
  `failed_at` timestamp NOT NULL DEFAULT CURRENT_TIMESTAMP
) ENGINE=InnoDB DEFAULT CHARSET=utf8mb4 COLLATE=utf8mb4_unicode_ci;

-- --------------------------------------------------------

--
-- Table structure for table `jadwal`
--

CREATE TABLE `jadwal` (
  `id` int(10) UNSIGNED NOT NULL,
  `nim` varchar(10) NOT NULL,
  `kode_mk` varchar(20) NOT NULL,
  `nidn` varchar(25) NOT NULL,
  `created_at` timestamp NOT NULL DEFAULT CURRENT_TIMESTAMP,
  `updated_at` timestamp NOT NULL DEFAULT CURRENT_TIMESTAMP ON UPDATE CURRENT_TIMESTAMP
) ENGINE=InnoDB DEFAULT CHARSET=latin1;

--
-- Dumping data for table `jadwal`
--

INSERT INTO `jadwal` (`id`, `nim`, `kode_mk`, `nidn`, `created_at`, `updated_at`) VALUES
(3385, 'SI12150013', 'IS14601', '0812118402', '2021-09-07 19:04:22', '2021-09-07 19:04:22'),
(3386, 'SI12150013', 'IS14602', '0819028402', '2021-09-07 19:04:22', '2021-09-07 19:04:22'),
(3387, 'SI12150013', 'IS14603', '0808058801', '2021-09-07 19:04:22', '2021-09-07 19:04:22'),
(3388, 'SI12150013', 'IS14604', '0818018202', '2021-09-07 19:04:22', '2021-09-07 19:04:22'),
(3389, 'SI12150013', 'IS14605', 'STMIKL-17-005', '2021-09-07 19:04:22', '2021-09-07 19:04:22'),
(3390, 'SI12150013', 'IS14606', '0808058801', '2021-09-07 19:04:22', '2021-09-07 19:04:22'),
(3391, 'SI12150013', 'IS14607', '0805078901', '2021-09-07 19:04:22', '2021-09-07 19:04:22'),
(3392, 'SI12150013', 'IS14609', '0829079003', '2021-09-07 19:04:22', '2021-09-07 19:04:22'),
(3393, 'SI13160001', 'IS14706', '0808058801', '2021-09-07 19:04:22', '2021-09-07 19:04:22'),
(3394, 'SI13160001', 'IS14801', '0808058801', '2021-09-07 19:04:22', '2021-09-07 19:04:22'),
(3395, 'SI13160003', 'IS14706', '0808058801', '2021-09-07 19:04:22', '2021-09-07 19:04:22'),
(3396, 'SI13160003', 'IS14801', '0808058801', '2021-09-07 19:04:22', '2021-09-07 19:04:22'),
(3397, 'SI13160004', 'IS14706', '0808058801', '2021-09-07 19:04:22', '2021-09-07 19:04:22'),
(3398, 'SI13160004', 'IS14801', '0808058801', '2021-09-07 19:04:22', '2021-09-07 19:04:22'),
(3399, 'SI13160008', 'IS14706', '0808058801', '2021-09-07 19:04:22', '2021-09-07 19:04:22'),
(3400, 'SI13160008', 'IS14801', '0808058801', '2021-09-07 19:04:22', '2021-09-07 19:04:22'),
(3401, 'SI14170003', 'IS14601', '0812118402', '2021-09-07 19:04:22', '2021-09-07 19:04:22'),
(3402, 'SI14170003', 'IS14602', '0819028402', '2021-09-07 19:04:22', '2021-09-07 19:04:22'),
(3403, 'SI14170003', 'IS14604', '0818018202', '2021-09-07 19:04:22', '2021-09-07 19:04:22'),
(3404, 'SI14170003', 'IS14605', 'STMIKL-17-005', '2021-09-07 19:04:22', '2021-09-07 19:04:22'),
(3405, 'SI14170003', 'IS14606', '0808058801', '2021-09-07 19:04:22', '2021-09-07 19:04:22'),
(3406, 'SI14170003', 'IS14607', '0805078901', '2021-09-07 19:04:22', '2021-09-07 19:04:22'),
(3407, 'SI14170003', 'IS14609', '0829079003', '2021-09-07 19:04:22', '2021-09-07 19:04:22'),
(3408, 'SI14170004', 'IS14601', '0812118402', '2021-09-07 19:04:22', '2021-09-07 19:04:22'),
(3409, 'SI14170004', 'IS14602', '0819028402', '2021-09-07 19:04:22', '2021-09-07 19:04:22'),
(3410, 'SI14170004', 'IS14604', '0818018202', '2021-09-07 19:04:22', '2021-09-07 19:04:22'),
(3411, 'SI14170004', 'IS14605', 'STMIKL-17-005', '2021-09-07 19:04:22', '2021-09-07 19:04:22'),
(3412, 'SI14170004', 'IS14606', '0808058801', '2021-09-07 19:04:22', '2021-09-07 19:04:22'),
(3413, 'SI14170004', 'IS14607', '0805078901', '2021-09-07 19:04:22', '2021-09-07 19:04:22'),
(3414, 'SI14170004', 'IS14609', '0829079003', '2021-09-07 19:04:22', '2021-09-07 19:04:22'),
(3415, 'SI14170007', 'IS14601', '0812118402', '2021-09-07 19:04:22', '2021-09-07 19:04:22'),
(3416, 'SI14170007', 'IS14602', '0819028402', '2021-09-07 19:04:22', '2021-09-07 19:04:22'),
(3417, 'SI14170007', 'IS14603', '0808058801', '2021-09-07 19:04:22', '2021-09-07 19:04:22'),
(3418, 'SI14170007', 'IS14604', '0818018202', '2021-09-07 19:04:22', '2021-09-07 19:04:22'),
(3419, 'SI14170007', 'IS14605', 'STMIKL-17-005', '2021-09-07 19:04:22', '2021-09-07 19:04:22'),
(3420, 'SI14170007', 'IS14606', '0808058801', '2021-09-07 19:04:22', '2021-09-07 19:04:22'),
(3421, 'SI14170007', 'IS14607', '0805078901', '2021-09-07 19:04:22', '2021-09-07 19:04:22'),
(3422, 'SI14170007', 'IS14609', '0829079003', '2021-09-07 19:04:22', '2021-09-07 19:04:22'),
(3423, 'SI14170008', 'IS14201', '0812038502', '2021-09-07 19:04:22', '2021-09-07 19:04:22'),
(3424, 'SI14170008', 'IS14303', '0813108602', '2021-09-07 19:04:22', '2021-09-07 19:04:22'),
(3425, 'SI14170008', 'IS14506', '0831129101', '2021-09-07 19:04:22', '2021-09-07 19:04:22'),
(3426, 'SI14170008', 'IS19202', '0812118402', '2021-09-07 19:04:22', '2021-09-07 19:04:22'),
(3427, 'SI14170008', 'IS19203', '9908419990', '2021-09-07 19:04:22', '2021-09-07 19:04:22'),
(3428, 'SI14170008', 'IS19204', 'STMIKL-17-001', '2021-09-07 19:04:22', '2021-09-07 19:04:22'),
(3429, 'SI14170008', 'IS19205', 'STMIKL-19-001', '2021-09-07 19:04:22', '2021-09-07 19:04:22'),
(3430, 'SI14170008', 'IS19206', '0812038502', '2021-09-07 19:04:22', '2021-09-07 19:04:22'),
(3431, 'SI14170009', 'IS14601', '0812118402', '2021-09-07 19:04:22', '2021-09-07 19:04:22'),
(3432, 'SI14170009', 'IS14602', '0819028402', '2021-09-07 19:04:22', '2021-09-07 19:04:22'),
(3433, 'SI14170009', 'IS14604', '0818018202', '2021-09-07 19:04:22', '2021-09-07 19:04:22'),
(3434, 'SI14170009', 'IS14605', 'STMIKL-17-005', '2021-09-07 19:04:22', '2021-09-07 19:04:22'),
(3435, 'SI14170009', 'IS14606', '0808058801', '2021-09-07 19:04:22', '2021-09-07 19:04:22'),
(3436, 'SI14170009', 'IS14607', '0805078901', '2021-09-07 19:04:22', '2021-09-07 19:04:22'),
(3437, 'SI14170009', 'IS14609', '0829079003', '2021-09-07 19:04:22', '2021-09-07 19:04:22'),
(3438, 'SI14170010', 'IS14201', '0812038502', '2021-09-07 19:04:22', '2021-09-07 19:04:22'),
(3439, 'SI14170010', 'IS14303', '0813108602', '2021-09-07 19:04:22', '2021-09-07 19:04:22'),
(3440, 'SI14170010', 'IS14506', '0831129101', '2021-09-07 19:04:22', '2021-09-07 19:04:22'),
(3441, 'SI14170010', 'IS19202', '0812118402', '2021-09-07 19:04:22', '2021-09-07 19:04:22'),
(3442, 'SI14170010', 'IS19203', '9908419990', '2021-09-07 19:04:22', '2021-09-07 19:04:22'),
(3443, 'SI14170010', 'IS19204', 'STMIKL-17-001', '2021-09-07 19:04:22', '2021-09-07 19:04:22'),
(3444, 'SI14170010', 'IS19205', 'STMIKL-19-001', '2021-09-07 19:04:22', '2021-09-07 19:04:22'),
(3445, 'SI14170010', 'IS19206', '0812038502', '2021-09-07 19:04:22', '2021-09-07 19:04:22'),
(3446, 'SI14170012', 'IS14601', '0812118402', '2021-09-07 19:04:22', '2021-09-07 19:04:22'),
(3447, 'SI14170012', 'IS14602', '0819028402', '2021-09-07 19:04:22', '2021-09-07 19:04:22'),
(3448, 'SI14170012', 'IS14604', '0818018202', '2021-09-07 19:04:22', '2021-09-07 19:04:22'),
(3449, 'SI14170012', 'IS14605', 'STMIKL-17-005', '2021-09-07 19:04:22', '2021-09-07 19:04:22'),
(3450, 'SI14170012', 'IS14606', '0808058801', '2021-09-07 19:04:22', '2021-09-07 19:04:22'),
(3451, 'SI14170012', 'IS14607', '0805078901', '2021-09-07 19:04:22', '2021-09-07 19:04:22'),
(3452, 'SI14170012', 'IS14609', '0829079003', '2021-09-07 19:04:22', '2021-09-07 19:04:22'),
(3453, 'SI14170013', 'IS14601', '0812118402', '2021-09-07 19:04:22', '2021-09-07 19:04:22'),
(3454, 'SI14170013', 'IS14602', '0819028402', '2021-09-07 19:04:22', '2021-09-07 19:04:22'),
(3455, 'SI14170013', 'IS14603', '0808058801', '2021-09-07 19:04:22', '2021-09-07 19:04:22'),
(3456, 'SI14170013', 'IS14604', '0818018202', '2021-09-07 19:04:22', '2021-09-07 19:04:22'),
(3457, 'SI14170013', 'IS14605', 'STMIKL-17-005', '2021-09-07 19:04:22', '2021-09-07 19:04:22'),
(3458, 'SI14170013', 'IS14606', '0808058801', '2021-09-07 19:04:22', '2021-09-07 19:04:22'),
(3459, 'SI14170013', 'IS14607', '0805078901', '2021-09-07 19:04:22', '2021-09-07 19:04:22'),
(3460, 'SI14170013', 'IS14609', '0829079003', '2021-09-07 19:04:22', '2021-09-07 19:04:22'),
(3461, 'SI15180002', 'IS14401', '0826098701', '2021-09-07 19:04:22', '2021-09-07 19:04:22'),
(3462, 'SI15180002', 'IS14402', 'STMIKL-17-004', '2021-09-07 19:04:22', '2021-09-07 19:04:22'),
(3463, 'SI15180002', 'IS14403', 'STMIKL-17-001', '2021-09-07 19:04:22', '2021-09-07 19:04:22'),
(3464, 'SI15180002', 'IS14404', '0815128201', '2021-09-07 19:04:22', '2021-09-07 19:04:22'),
(3465, 'SI15180002', 'IS14405', 'STMIKL-17-007', '2021-09-07 19:04:22', '2021-09-07 19:04:22'),
(3466, 'SI15180002', 'IS14406', 'STMIKL-17-006', '2021-09-07 19:04:22', '2021-09-07 19:04:22'),
(3467, 'SI15180002', 'IS14407', '0819028402', '2021-09-07 19:04:22', '2021-09-07 19:04:22'),
(3468, 'SI15180002', 'IS14408', 'STMIKL-17-004', '2021-09-07 19:04:22', '2021-09-07 19:04:22'),
(3469, 'SI15180004', 'IS14401', '0826098701', '2021-09-07 19:04:22', '2021-09-07 19:04:22'),
(3470, 'SI15180004', 'IS14402', 'STMIKL-17-004', '2021-09-07 19:04:22', '2021-09-07 19:04:22'),
(3471, 'SI15180004', 'IS14403', 'STMIKL-17-001', '2021-09-07 19:04:22', '2021-09-07 19:04:22'),
(3472, 'SI15180004', 'IS14404', '0815128201', '2021-09-07 19:04:22', '2021-09-07 19:04:22'),
(3473, 'SI15180004', 'IS14405', 'STMIKL-17-007', '2021-09-07 19:04:22', '2021-09-07 19:04:22'),
(3474, 'SI15180004', 'IS14406', 'STMIKL-17-006', '2021-09-07 19:04:22', '2021-09-07 19:04:22'),
(3475, 'SI15180004', 'IS14407', '0819028402', '2021-09-07 19:04:22', '2021-09-07 19:04:22'),
(3476, 'SI15180004', 'IS14408', 'STMIKL-17-004', '2021-09-07 19:04:22', '2021-09-07 19:04:22'),
(3477, 'SI15180005', 'IS14801', '0808058801', '2021-09-07 19:04:22', '2021-09-07 19:04:22'),
(3478, 'SI15180007', 'IS14706', '0808058801', '2021-09-07 19:04:22', '2021-09-07 19:04:22'),
(3479, 'SI15180007', 'IS14801', '0808058801', '2021-09-07 19:04:22', '2021-09-07 19:04:22'),
(3480, 'SI16190001', 'IS14201', '0812038502', '2021-09-07 19:04:22', '2021-09-07 19:04:22'),
(3481, 'SI16190001', 'IS14303', '0813108602', '2021-09-07 19:04:22', '2021-09-07 19:04:22'),
(3482, 'SI16190001', 'IS14506', '0831129101', '2021-09-07 19:04:22', '2021-09-07 19:04:22'),
(3483, 'SI16190001', 'IS19202', '0812118402', '2021-09-07 19:04:22', '2021-09-07 19:04:22'),
(3484, 'SI16190001', 'IS19203', '9908419990', '2021-09-07 19:04:22', '2021-09-07 19:04:22'),
(3485, 'SI16190001', 'IS19204', 'STMIKL-17-001', '2021-09-07 19:04:22', '2021-09-07 19:04:22'),
(3486, 'SI16190001', 'IS19205', 'STMIKL-19-001', '2021-09-07 19:04:22', '2021-09-07 19:04:22'),
(3487, 'SI16190001', 'IS19206', '0812038502', '2021-09-07 19:04:22', '2021-09-07 19:04:22'),
(3488, 'SI16190002', 'IS14201', '0812038502', '2021-09-07 19:04:22', '2021-09-07 19:04:22'),
(3489, 'SI16190002', 'IS14303', '0813108602', '2021-09-07 19:04:22', '2021-09-07 19:04:22'),
(3490, 'SI16190002', 'IS14506', '0831129101', '2021-09-07 19:04:22', '2021-09-07 19:04:22'),
(3491, 'SI16190002', 'IS19202', '0812118402', '2021-09-07 19:04:22', '2021-09-07 19:04:22'),
(3492, 'SI16190002', 'IS19203', '9908419990', '2021-09-07 19:04:22', '2021-09-07 19:04:22'),
(3493, 'SI16190002', 'IS19204', 'STMIKL-17-001', '2021-09-07 19:04:22', '2021-09-07 19:04:22'),
(3494, 'SI16190002', 'IS19205', 'STMIKL-19-001', '2021-09-07 19:04:22', '2021-09-07 19:04:22'),
(3495, 'SI16190002', 'IS19206', '0812038502', '2021-09-07 19:04:22', '2021-09-07 19:04:22'),
(3496, 'SI16190004', 'IS14201', '0812038502', '2021-09-07 19:04:22', '2021-09-07 19:04:22'),
(3497, 'SI16190004', 'IS14303', '0813108602', '2021-09-07 19:04:22', '2021-09-07 19:04:22'),
(3498, 'SI16190004', 'IS14506', '0831129101', '2021-09-07 19:04:22', '2021-09-07 19:04:22'),
(3499, 'SI16190004', 'IS19202', '0812118402', '2021-09-07 19:04:22', '2021-09-07 19:04:22'),
(3500, 'SI16190004', 'IS19203', '9908419990', '2021-09-07 19:04:22', '2021-09-07 19:04:22'),
(3501, 'SI16190004', 'IS19204', 'STMIKL-17-001', '2021-09-07 19:04:22', '2021-09-07 19:04:22'),
(3502, 'SI16190004', 'IS19205', 'STMIKL-19-001', '2021-09-07 19:04:22', '2021-09-07 19:04:22'),
(3503, 'SI16190004', 'IS19206', '0812038502', '2021-09-07 19:04:22', '2021-09-07 19:04:22'),
(3504, 'SI16190006', 'IS14201', '0812038502', '2021-09-07 19:04:22', '2021-09-07 19:04:22'),
(3505, 'SI16190006', 'IS14303', '0813108602', '2021-09-07 19:04:22', '2021-09-07 19:04:22'),
(3506, 'SI16190006', 'IS14506', '0831129101', '2021-09-07 19:04:22', '2021-09-07 19:04:22'),
(3507, 'SI16190006', 'IS19202', '0812118402', '2021-09-07 19:04:22', '2021-09-07 19:04:22'),
(3508, 'SI16190006', 'IS19203', '9908419990', '2021-09-07 19:04:22', '2021-09-07 19:04:22'),
(3509, 'SI16190006', 'IS19204', 'STMIKL-17-001', '2021-09-07 19:04:22', '2021-09-07 19:04:22'),
(3510, 'SI16190006', 'IS19205', 'STMIKL-19-001', '2021-09-07 19:04:22', '2021-09-07 19:04:22'),
(3511, 'SI16190006', 'IS19206', '0812038502', '2021-09-07 19:04:22', '2021-09-07 19:04:22'),
(3512, 'SI16190009', 'IS14402', 'STMIKL-17-004', '2021-09-07 19:04:22', '2021-09-07 19:04:22'),
(3513, 'SI16190009', 'IS14403', 'STMIKL-17-001', '2021-09-07 19:04:22', '2021-09-07 19:04:22'),
(3514, 'SI16190009', 'IS14406', 'STMIKL-17-006', '2021-09-07 19:04:22', '2021-09-07 19:04:22'),
(3515, 'SI16190009', 'IS14407', '0819028402', '2021-09-07 19:04:22', '2021-09-07 19:04:22'),
(3516, 'SI16190009', 'IS14602', '0819028402', '2021-09-07 19:04:22', '2021-09-07 19:04:22'),
(3517, 'SI16190009', 'IS14605', 'STMIKL-17-005', '2021-09-07 19:04:22', '2021-09-07 19:04:22'),
(3518, 'SI16190009', 'IS14607', '0805078901', '2021-09-07 19:04:22', '2021-09-07 19:04:22'),
(3519, 'SI16190009', 'IS14706', '0808058801', '2021-09-07 19:04:22', '2021-09-07 19:04:22'),
(3520, 'SI16190009', 'IS19204', 'STMIKL-17-001', '2021-09-07 19:04:22', '2021-09-07 19:04:22'),
(3521, 'SI16190011', 'IS14201', '0812038502', '2021-09-07 19:04:22', '2021-09-07 19:04:22'),
(3522, 'SI16190011', 'IS14303', '0813108602', '2021-09-07 19:04:22', '2021-09-07 19:04:22'),
(3523, 'SI16190011', 'IS14506', '0831129101', '2021-09-07 19:04:22', '2021-09-07 19:04:22'),
(3524, 'SI16190011', 'IS19202', '0812118402', '2021-09-07 19:04:22', '2021-09-07 19:04:22'),
(3525, 'SI16190011', 'IS19203', '9908419990', '2021-09-07 19:04:22', '2021-09-07 19:04:22'),
(3526, 'SI16190011', 'IS19204', 'STMIKL-17-001', '2021-09-07 19:04:22', '2021-09-07 19:04:22'),
(3527, 'SI16190011', 'IS19205', 'STMIKL-19-001', '2021-09-07 19:04:22', '2021-09-07 19:04:22'),
(3528, 'SI16190011', 'IS19206', '0812038502', '2021-09-07 19:04:22', '2021-09-07 19:04:22'),
(3529, 'SI16190012', 'IS14201', '0812038502', '2021-09-07 19:04:22', '2021-09-07 19:04:22'),
(3530, 'SI16190012', 'IS14303', '0813108602', '2021-09-07 19:04:22', '2021-09-07 19:04:22'),
(3531, 'SI16190012', 'IS14506', '0831129101', '2021-09-07 19:04:22', '2021-09-07 19:04:22'),
(3532, 'SI16190012', 'IS19202', '0812118402', '2021-09-07 19:04:22', '2021-09-07 19:04:22'),
(3533, 'SI16190012', 'IS19203', '9908419990', '2021-09-07 19:04:22', '2021-09-07 19:04:22'),
(3534, 'SI16190012', 'IS19204', 'STMIKL-17-001', '2021-09-07 19:04:22', '2021-09-07 19:04:22'),
(3535, 'SI16190012', 'IS19205', 'STMIKL-19-001', '2021-09-07 19:04:22', '2021-09-07 19:04:22'),
(3536, 'SI16190012', 'IS19206', '0812038502', '2021-09-07 19:04:22', '2021-09-07 19:04:22'),
(3537, 'SI16190014', 'IS14201', '0812038502', '2021-09-07 19:04:22', '2021-09-07 19:04:22'),
(3538, 'SI16190014', 'IS14303', '0813108602', '2021-09-07 19:04:22', '2021-09-07 19:04:22'),
(3539, 'SI16190014', 'IS14506', '0831129101', '2021-09-07 19:04:22', '2021-09-07 19:04:22'),
(3540, 'SI16190014', 'IS19202', '0812118402', '2021-09-07 19:04:22', '2021-09-07 19:04:22'),
(3541, 'SI16190014', 'IS19203', '9908419990', '2021-09-07 19:04:22', '2021-09-07 19:04:22'),
(3542, 'SI16190014', 'IS19204', 'STMIKL-17-001', '2021-09-07 19:04:22', '2021-09-07 19:04:22'),
(3543, 'SI16190014', 'IS19205', 'STMIKL-19-001', '2021-09-07 19:04:22', '2021-09-07 19:04:22'),
(3544, 'SI16190014', 'IS19206', '0812038502', '2021-09-07 19:04:22', '2021-09-07 19:04:22'),
(3545, 'SI16190016', 'IS14201', '0812038502', '2021-09-07 19:04:22', '2021-09-07 19:04:22'),
(3546, 'SI16190016', 'IS14303', '0813108602', '2021-09-07 19:04:22', '2021-09-07 19:04:22'),
(3547, 'SI16190016', 'IS14506', '0831129101', '2021-09-07 19:04:22', '2021-09-07 19:04:22'),
(3548, 'SI16190016', 'IS19202', '0812118402', '2021-09-07 19:04:22', '2021-09-07 19:04:22'),
(3549, 'SI16190016', 'IS19203', '9908419990', '2021-09-07 19:04:22', '2021-09-07 19:04:22'),
(3550, 'SI16190016', 'IS19204', 'STMIKL-17-001', '2021-09-07 19:04:22', '2021-09-07 19:04:22'),
(3551, 'SI16190016', 'IS19205', 'STMIKL-19-001', '2021-09-07 19:04:22', '2021-09-07 19:04:22'),
(3552, 'SI16190016', 'IS19206', '0812038502', '2021-09-07 19:04:22', '2021-09-07 19:04:22'),
(3553, 'SI16190017', 'IS14201', '0812038502', '2021-09-07 19:04:22', '2021-09-07 19:04:22'),
(3554, 'SI16190017', 'IS14303', '0813108602', '2021-09-07 19:04:22', '2021-09-07 19:04:22'),
(3555, 'SI16190017', 'IS14506', '0831129101', '2021-09-07 19:04:22', '2021-09-07 19:04:22'),
(3556, 'SI16190017', 'IS19202', '0812118402', '2021-09-07 19:04:22', '2021-09-07 19:04:22'),
(3557, 'SI16190017', 'IS19203', '9908419990', '2021-09-07 19:04:22', '2021-09-07 19:04:22'),
(3558, 'SI16190017', 'IS19204', 'STMIKL-17-001', '2021-09-07 19:04:22', '2021-09-07 19:04:22'),
(3559, 'SI16190017', 'IS19205', 'STMIKL-19-001', '2021-09-07 19:04:22', '2021-09-07 19:04:22'),
(3560, 'SI16190017', 'IS19206', '0812038502', '2021-09-07 19:04:22', '2021-09-07 19:04:22'),
(3561, 'TI12150026', 'IT14401', '0826098701', '2021-09-07 19:04:22', '2021-09-07 19:04:22'),
(3562, 'TI12150026', 'IT14404', '0815128201', '2021-09-07 19:04:22', '2021-09-07 19:04:22'),
(3563, 'TI12150026', 'IT14406', 'STMIKL-17-006', '2021-09-07 19:04:22', '2021-09-07 19:04:22'),
(3564, 'TI12150026', 'IT14408', 'STMIKL-17-004', '2021-09-07 19:04:22', '2021-09-07 19:04:22'),
(3565, 'TI12150026', 'IT14601', '0812118402', '2021-09-07 19:04:22', '2021-09-07 19:04:22'),
(3566, 'TI12150026', 'IT14602', '0818018202', '2021-09-07 19:04:22', '2021-09-07 19:04:22'),
(3567, 'TI12150026', 'IT14603', 'STMIKL-17-005', '2021-09-07 19:04:22', '2021-09-07 19:04:22'),
(3568, 'TI12150026', 'IT14604', 'STMIKL-17-009', '2021-09-07 19:04:22', '2021-09-07 19:04:22'),
(3569, 'TI12150026', 'IT14606', '0829079003', '2021-09-07 19:04:22', '2021-09-07 19:04:22'),
(3570, 'TI13160001', 'IT14706', '0829079003', '2021-09-07 19:04:22', '2021-09-07 19:04:22'),
(3571, 'TI13160001', 'TI0802', '0829079003', '2021-09-07 19:04:22', '2021-09-07 19:04:22'),
(3572, 'TI13160009', 'IT14706', '0829079003', '2021-09-07 19:04:22', '2021-09-07 19:04:22'),
(3573, 'TI13160009', 'TI0802', '0829079003', '2021-09-07 19:04:22', '2021-09-07 19:04:22'),
(3574, 'TI13160014', 'IT14706', '0829079003', '2021-09-07 19:04:22', '2021-09-07 19:04:22'),
(3575, 'TI13160014', 'TI0802', '0829079003', '2021-09-07 19:04:22', '2021-09-07 19:04:22'),
(3576, 'TI14170002', 'IT14601', '0812118402', '2021-09-07 19:04:22', '2021-09-07 19:04:22'),
(3577, 'TI14170002', 'IT14602', '0818018202', '2021-09-07 19:04:22', '2021-09-07 19:04:22'),
(3578, 'TI14170002', 'IT14603', 'STMIKL-17-005', '2021-09-07 19:04:22', '2021-09-07 19:04:22'),
(3579, 'TI14170002', 'IT14604', 'STMIKL-17-009', '2021-09-07 19:04:22', '2021-09-07 19:04:22'),
(3580, 'TI14170002', 'IT14605', 'STMIKL-17-003', '2021-09-07 19:04:22', '2021-09-07 19:04:22'),
(3581, 'TI14170002', 'IT14606', '0829079003', '2021-09-07 19:04:22', '2021-09-07 19:04:22'),
(3582, 'TI14170002', 'IT14607', '0831129101', '2021-09-07 19:04:22', '2021-09-07 19:04:22'),
(3583, 'TI14170002', 'IT14608', 'STMIKL-17-003', '2021-09-07 19:04:22', '2021-09-07 19:04:22'),
(3584, 'TI14170004', 'IT14601', '0812118402', '2021-09-07 19:04:22', '2021-09-07 19:04:22'),
(3585, 'TI14170004', 'IT14602', '0818018202', '2021-09-07 19:04:22', '2021-09-07 19:04:22'),
(3586, 'TI14170004', 'IT14603', 'STMIKL-17-005', '2021-09-07 19:04:22', '2021-09-07 19:04:22'),
(3587, 'TI14170004', 'IT14604', 'STMIKL-17-009', '2021-09-07 19:04:22', '2021-09-07 19:04:22'),
(3588, 'TI14170004', 'IT14605', 'STMIKL-17-003', '2021-09-07 19:04:22', '2021-09-07 19:04:22'),
(3589, 'TI14170004', 'IT14606', '0829079003', '2021-09-07 19:04:22', '2021-09-07 19:04:22'),
(3590, 'TI14170004', 'IT14607', '0831129101', '2021-09-07 19:04:22', '2021-09-07 19:04:22'),
(3591, 'TI14170004', 'IT14608', 'STMIKL-17-003', '2021-09-07 19:04:22', '2021-09-07 19:04:22'),
(3592, 'TI14170005', 'IT14601', '0812118402', '2021-09-07 19:04:22', '2021-09-07 19:04:22'),
(3593, 'TI14170005', 'IT14604', 'STMIKL-17-009', '2021-09-07 19:04:22', '2021-09-07 19:04:22'),
(3594, 'TI14170005', 'IT14605', 'STMIKL-17-003', '2021-09-07 19:04:22', '2021-09-07 19:04:22'),
(3595, 'TI14170005', 'IT14606', '0829079003', '2021-09-07 19:04:22', '2021-09-07 19:04:22'),
(3596, 'TI14170005', 'IT14607', '0831129101', '2021-09-07 19:04:22', '2021-09-07 19:04:22'),
(3597, 'TI14170005', 'IT14608', 'STMIKL-17-003', '2021-09-07 19:04:22', '2021-09-07 19:04:22'),
(3598, 'TI14170006', 'IT14601', '0812118402', '2021-09-07 19:04:22', '2021-09-07 19:04:22'),
(3599, 'TI14170006', 'IT14604', 'STMIKL-17-009', '2021-09-07 19:04:22', '2021-09-07 19:04:22'),
(3600, 'TI14170006', 'IT14605', 'STMIKL-17-003', '2021-09-07 19:04:22', '2021-09-07 19:04:22'),
(3601, 'TI14170006', 'IT14606', '0829079003', '2021-09-07 19:04:22', '2021-09-07 19:04:22'),
(3602, 'TI14170006', 'IT14607', '0831129101', '2021-09-07 19:04:22', '2021-09-07 19:04:22'),
(3603, 'TI14170006', 'IT14608', 'STMIKL-17-003', '2021-09-07 19:04:22', '2021-09-07 19:04:22'),
(3604, 'TI14170007', 'IT14601', '0812118402', '2021-09-07 19:04:22', '2021-09-07 19:04:22'),
(3605, 'TI14170007', 'IT14602', '0818018202', '2021-09-07 19:04:22', '2021-09-07 19:04:22'),
(3606, 'TI14170007', 'IT14603', 'STMIKL-17-005', '2021-09-07 19:04:22', '2021-09-07 19:04:22'),
(3607, 'TI14170007', 'IT14604', 'STMIKL-17-009', '2021-09-07 19:04:22', '2021-09-07 19:04:22'),
(3608, 'TI14170007', 'IT14605', 'STMIKL-17-003', '2021-09-07 19:04:22', '2021-09-07 19:04:22'),
(3609, 'TI14170007', 'IT14606', '0829079003', '2021-09-07 19:04:22', '2021-09-07 19:04:22'),
(3610, 'TI14170007', 'IT14607', '0831129101', '2021-09-07 19:04:22', '2021-09-07 19:04:22'),
(3611, 'TI14170007', 'IT14608', 'STMIKL-17-003', '2021-09-07 19:04:22', '2021-09-07 19:04:22'),
(3612, 'TI14170008', 'IT14601', '0812118402', '2021-09-07 19:04:22', '2021-09-07 19:04:22'),
(3613, 'TI14170008', 'IT14602', '0818018202', '2021-09-07 19:04:22', '2021-09-07 19:04:22'),
(3614, 'TI14170008', 'IT14603', 'STMIKL-17-005', '2021-09-07 19:04:22', '2021-09-07 19:04:22'),
(3615, 'TI14170008', 'IT14604', 'STMIKL-17-009', '2021-09-07 19:04:22', '2021-09-07 19:04:22'),
(3616, 'TI14170008', 'IT14605', 'STMIKL-17-003', '2021-09-07 19:04:22', '2021-09-07 19:04:22'),
(3617, 'TI14170008', 'IT14606', '0829079003', '2021-09-07 19:04:22', '2021-09-07 19:04:22'),
(3618, 'TI14170008', 'IT14607', '0831129101', '2021-09-07 19:04:22', '2021-09-07 19:04:22'),
(3619, 'TI14170008', 'IT14608', 'STMIKL-17-003', '2021-09-07 19:04:22', '2021-09-07 19:04:22'),
(3620, 'TI14170010', 'IT14601', '0812118402', '2021-09-07 19:04:22', '2021-09-07 19:04:22'),
(3621, 'TI14170010', 'IT14602', '0818018202', '2021-09-07 19:04:22', '2021-09-07 19:04:22'),
(3622, 'TI14170010', 'IT14603', 'STMIKL-17-005', '2021-09-07 19:04:22', '2021-09-07 19:04:22'),
(3623, 'TI14170010', 'IT14604', 'STMIKL-17-009', '2021-09-07 19:04:22', '2021-09-07 19:04:22'),
(3624, 'TI14170010', 'IT14605', 'STMIKL-17-003', '2021-09-07 19:04:22', '2021-09-07 19:04:22'),
(3625, 'TI14170010', 'IT14606', '0829079003', '2021-09-07 19:04:22', '2021-09-07 19:04:22'),
(3626, 'TI14170010', 'IT14607', '0831129101', '2021-09-07 19:04:22', '2021-09-07 19:04:22'),
(3627, 'TI14170010', 'IT14608', 'STMIKL-17-003', '2021-09-07 19:04:22', '2021-09-07 19:04:22'),
(3628, 'TI14170013', 'IT14601', '0812118402', '2021-09-07 19:04:22', '2021-09-07 19:04:22'),
(3629, 'TI14170013', 'IT14604', 'STMIKL-17-009', '2021-09-07 19:04:22', '2021-09-07 19:04:22'),
(3630, 'TI14170013', 'IT14605', 'STMIKL-17-003', '2021-09-07 19:04:22', '2021-09-07 19:04:22'),
(3631, 'TI14170013', 'IT14606', '0829079003', '2021-09-07 19:04:22', '2021-09-07 19:04:22'),
(3632, 'TI14170013', 'IT14607', '0831129101', '2021-09-07 19:04:22', '2021-09-07 19:04:22'),
(3633, 'TI14170013', 'IT14608', 'STMIKL-17-003', '2021-09-07 19:04:22', '2021-09-07 19:04:22'),
(3634, 'TI14170014', 'IT14601', '0812118402', '2021-09-07 19:04:22', '2021-09-07 19:04:22'),
(3635, 'TI14170014', 'IT14602', '0818018202', '2021-09-07 19:04:22', '2021-09-07 19:04:22'),
(3636, 'TI14170014', 'IT14603', 'STMIKL-17-005', '2021-09-07 19:04:22', '2021-09-07 19:04:22'),
(3637, 'TI14170014', 'IT14604', 'STMIKL-17-009', '2021-09-07 19:04:22', '2021-09-07 19:04:22'),
(3638, 'TI14170014', 'IT14605', 'STMIKL-17-003', '2021-09-07 19:04:22', '2021-09-07 19:04:22'),
(3639, 'TI14170014', 'IT14606', '0829079003', '2021-09-07 19:04:22', '2021-09-07 19:04:22'),
(3640, 'TI14170014', 'IT14607', '0831129101', '2021-09-07 19:04:22', '2021-09-07 19:04:22'),
(3641, 'TI14170014', 'IT14608', 'STMIKL-17-003', '2021-09-07 19:04:22', '2021-09-07 19:04:22'),
(3642, 'TI14170015', 'IT14601', '0812118402', '2021-09-07 19:04:22', '2021-09-07 19:04:22'),
(3643, 'TI14170015', 'IT14604', 'STMIKL-17-009', '2021-09-07 19:04:22', '2021-09-07 19:04:22'),
(3644, 'TI14170015', 'IT14605', 'STMIKL-17-003', '2021-09-07 19:04:22', '2021-09-07 19:04:22'),
(3645, 'TI14170015', 'IT14606', '0829079003', '2021-09-07 19:04:22', '2021-09-07 19:04:22'),
(3646, 'TI14170015', 'IT14607', '0831129101', '2021-09-07 19:04:22', '2021-09-07 19:04:22'),
(3647, 'TI14170015', 'IT14608', 'STMIKL-17-003', '2021-09-07 19:04:22', '2021-09-07 19:04:22'),
(3648, 'TI14170019', 'IT14601', '0812118402', '2021-09-07 19:04:22', '2021-09-07 19:04:22'),
(3649, 'TI14170019', 'IT14604', 'STMIKL-17-009', '2021-09-07 19:04:22', '2021-09-07 19:04:22'),
(3650, 'TI14170019', 'IT14605', 'STMIKL-17-003', '2021-09-07 19:04:22', '2021-09-07 19:04:22'),
(3651, 'TI14170019', 'IT14606', '0829079003', '2021-09-07 19:04:22', '2021-09-07 19:04:22'),
(3652, 'TI14170019', 'IT14607', '0831129101', '2021-09-07 19:04:22', '2021-09-07 19:04:22'),
(3653, 'TI14170019', 'IT14608', 'STMIKL-17-003', '2021-09-07 19:04:22', '2021-09-07 19:04:22'),
(3654, 'TI14170022', 'IT14601', '0812118402', '2021-09-07 19:04:22', '2021-09-07 19:04:22'),
(3655, 'TI14170022', 'IT14602', '0818018202', '2021-09-07 19:04:22', '2021-09-07 19:04:22'),
(3656, 'TI14170022', 'IT14603', 'STMIKL-17-005', '2021-09-07 19:04:22', '2021-09-07 19:04:22'),
(3657, 'TI14170022', 'IT14604', 'STMIKL-17-009', '2021-09-07 19:04:22', '2021-09-07 19:04:22'),
(3658, 'TI14170022', 'IT14605', 'STMIKL-17-003', '2021-09-07 19:04:22', '2021-09-07 19:04:22'),
(3659, 'TI14170022', 'IT14606', '0829079003', '2021-09-07 19:04:22', '2021-09-07 19:04:22'),
(3660, 'TI14170022', 'IT14607', '0831129101', '2021-09-07 19:04:22', '2021-09-07 19:04:22'),
(3661, 'TI14170022', 'IT14608', 'STMIKL-17-003', '2021-09-07 19:04:22', '2021-09-07 19:04:22'),
(3662, 'TI14170023', 'IT14601', '0812118402', '2021-09-07 19:04:22', '2021-09-07 19:04:22'),
(3663, 'TI14170023', 'IT14602', '0818018202', '2021-09-07 19:04:22', '2021-09-07 19:04:22'),
(3664, 'TI14170023', 'IT14603', 'STMIKL-17-005', '2021-09-07 19:04:22', '2021-09-07 19:04:22'),
(3665, 'TI14170023', 'IT14604', 'STMIKL-17-009', '2021-09-07 19:04:22', '2021-09-07 19:04:22'),
(3666, 'TI14170023', 'IT14605', 'STMIKL-17-003', '2021-09-07 19:04:22', '2021-09-07 19:04:22'),
(3667, 'TI14170023', 'IT14606', '0829079003', '2021-09-07 19:04:22', '2021-09-07 19:04:22'),
(3668, 'TI14170023', 'IT14607', '0831129101', '2021-09-07 19:04:22', '2021-09-07 19:04:22'),
(3669, 'TI14170023', 'IT14608', 'STMIKL-17-003', '2021-09-07 19:04:22', '2021-09-07 19:04:22'),
(3670, 'TI14170024', 'IT14207', 'STMIKL-17-004', '2021-09-07 19:04:22', '2021-09-07 19:04:22'),
(3671, 'TI14170024', 'IT14401', '0826098701', '2021-09-07 19:04:22', '2021-09-07 19:04:22'),
(3672, 'TI14170024', 'IT14404', '0815128201', '2021-09-07 19:04:22', '2021-09-07 19:04:22'),
(3673, 'TI14170024', 'IT14601', '0812118402', '2021-09-07 19:04:22', '2021-09-07 19:04:22'),
(3674, 'TI14170024', 'IT14608', 'STMIKL-17-003', '2021-09-07 19:04:22', '2021-09-07 19:04:22'),
(3675, 'TI14170024', 'IT14801', '0812038502', '2021-09-07 19:04:22', '2021-09-07 19:04:22'),
(3676, 'TI14170024', 'TI0802', '0829079003', '2021-09-07 19:04:22', '2021-09-07 19:04:22'),
(3677, 'TI14170025', 'IT14601', '0812118402', '2021-09-07 19:04:22', '2021-09-07 19:04:22'),
(3678, 'TI14170025', 'IT14602', '0818018202', '2021-09-07 19:04:22', '2021-09-07 19:04:22'),
(3679, 'TI14170025', 'IT14603', 'STMIKL-17-005', '2021-09-07 19:04:22', '2021-09-07 19:04:22'),
(3680, 'TI14170025', 'IT14604', 'STMIKL-17-009', '2021-09-07 19:04:22', '2021-09-07 19:04:22'),
(3681, 'TI14170025', 'IT14605', 'STMIKL-17-003', '2021-09-07 19:04:22', '2021-09-07 19:04:22'),
(3682, 'TI14170025', 'IT14606', '0829079003', '2021-09-07 19:04:22', '2021-09-07 19:04:22'),
(3683, 'TI14170025', 'IT14607', '0831129101', '2021-09-07 19:04:22', '2021-09-07 19:04:22'),
(3684, 'TI14170025', 'IT14608', 'STMIKL-17-003', '2021-09-07 19:04:22', '2021-09-07 19:04:22'),
(3685, 'TI14170026', 'IT14601', '0812118402', '2021-09-07 19:04:22', '2021-09-07 19:04:22'),
(3686, 'TI14170026', 'IT14602', '0818018202', '2021-09-07 19:04:22', '2021-09-07 19:04:22'),
(3687, 'TI14170026', 'IT14603', 'STMIKL-17-005', '2021-09-07 19:04:22', '2021-09-07 19:04:22'),
(3688, 'TI14170026', 'IT14604', 'STMIKL-17-009', '2021-09-07 19:04:22', '2021-09-07 19:04:22'),
(3689, 'TI14170026', 'IT14605', 'STMIKL-17-003', '2021-09-07 19:04:22', '2021-09-07 19:04:22'),
(3690, 'TI14170026', 'IT14606', '0829079003', '2021-09-07 19:04:22', '2021-09-07 19:04:22'),
(3691, 'TI14170026', 'IT14607', '0831129101', '2021-09-07 19:04:22', '2021-09-07 19:04:22'),
(3692, 'TI14170026', 'IT14608', 'STMIKL-17-003', '2021-09-07 19:04:22', '2021-09-07 19:04:22'),
(3693, 'TI14170028', 'IT14601', '0812118402', '2021-09-07 19:04:22', '2021-09-07 19:04:22'),
(3694, 'TI14170028', 'IT14602', '0818018202', '2021-09-07 19:04:22', '2021-09-07 19:04:22'),
(3695, 'TI14170028', 'IT14603', 'STMIKL-17-005', '2021-09-07 19:04:22', '2021-09-07 19:04:22'),
(3696, 'TI14170028', 'IT14604', 'STMIKL-17-009', '2021-09-07 19:04:22', '2021-09-07 19:04:22'),
(3697, 'TI14170028', 'IT14605', 'STMIKL-17-003', '2021-09-07 19:04:22', '2021-09-07 19:04:22'),
(3698, 'TI14170028', 'IT14606', '0829079003', '2021-09-07 19:04:22', '2021-09-07 19:04:22'),
(3699, 'TI14170028', 'IT14607', '0831129101', '2021-09-07 19:04:22', '2021-09-07 19:04:22'),
(3700, 'TI14170028', 'IT14608', 'STMIKL-17-003', '2021-09-07 19:04:22', '2021-09-07 19:04:22'),
(3701, 'TI15180001', 'IT14401', '0826098701', '2021-09-07 19:04:22', '2021-09-07 19:04:22'),
(3702, 'TI15180001', 'IT14402', 'STMIKL-17-009', '2021-09-07 19:04:22', '2021-09-07 19:04:22'),
(3703, 'TI15180001', 'IT14403', 'STMIKL-17-001', '2021-09-07 19:04:22', '2021-09-07 19:04:22'),
(3704, 'TI15180001', 'IT14404', '0815128201', '2021-09-07 19:04:22', '2021-09-07 19:04:22'),
(3705, 'TI15180001', 'IT14405', 'STMIKL-17-007', '2021-09-07 19:04:22', '2021-09-07 19:04:22'),
(3706, 'TI15180001', 'IT14406', 'STMIKL-17-006', '2021-09-07 19:04:22', '2021-09-07 19:04:22'),
(3707, 'TI15180001', 'IT14407', '0831129101', '2021-09-07 19:04:22', '2021-09-07 19:04:22'),
(3708, 'TI15180001', 'IT14408', 'STMIKL-17-004', '2021-09-07 19:04:22', '2021-09-07 19:04:22'),
(3709, 'TI15180002', 'IT14401', '0826098701', '2021-09-07 19:04:22', '2021-09-07 19:04:22'),
(3710, 'TI15180002', 'IT14402', 'STMIKL-17-009', '2021-09-07 19:04:22', '2021-09-07 19:04:22'),
(3711, 'TI15180002', 'IT14403', 'STMIKL-17-001', '2021-09-07 19:04:22', '2021-09-07 19:04:22'),
(3712, 'TI15180002', 'IT14404', '0815128201', '2021-09-07 19:04:22', '2021-09-07 19:04:22'),
(3713, 'TI15180002', 'IT14405', 'STMIKL-17-007', '2021-09-07 19:04:22', '2021-09-07 19:04:22'),
(3714, 'TI15180002', 'IT14406', 'STMIKL-17-006', '2021-09-07 19:04:22', '2021-09-07 19:04:22'),
(3715, 'TI15180002', 'IT14407', '0831129101', '2021-09-07 19:04:22', '2021-09-07 19:04:22'),
(3716, 'TI15180002', 'IT14408', 'STMIKL-17-004', '2021-09-07 19:04:22', '2021-09-07 19:04:22'),
(3717, 'TI15180003', 'IT14401', '0826098701', '2021-09-07 19:04:22', '2021-09-07 19:04:22'),
(3718, 'TI15180003', 'IT14402', 'STMIKL-17-009', '2021-09-07 19:04:22', '2021-09-07 19:04:22'),
(3719, 'TI15180003', 'IT14403', 'STMIKL-17-001', '2021-09-07 19:04:22', '2021-09-07 19:04:22'),
(3720, 'TI15180003', 'IT14404', '0815128201', '2021-09-07 19:04:22', '2021-09-07 19:04:22'),
(3721, 'TI15180003', 'IT14405', 'STMIKL-17-007', '2021-09-07 19:04:22', '2021-09-07 19:04:22'),
(3722, 'TI15180003', 'IT14406', 'STMIKL-17-006', '2021-09-07 19:04:22', '2021-09-07 19:04:22'),
(3723, 'TI15180003', 'IT14407', '0831129101', '2021-09-07 19:04:22', '2021-09-07 19:04:22'),
(3724, 'TI15180003', 'IT14408', 'STMIKL-17-004', '2021-09-07 19:04:22', '2021-09-07 19:04:22'),
(3725, 'TI15180005', 'IT14401', '0826098701', '2021-09-07 19:04:22', '2021-09-07 19:04:22'),
(3726, 'TI15180005', 'IT14402', 'STMIKL-17-009', '2021-09-07 19:04:22', '2021-09-07 19:04:22'),
(3727, 'TI15180005', 'IT14403', 'STMIKL-17-001', '2021-09-07 19:04:22', '2021-09-07 19:04:22'),
(3728, 'TI15180005', 'IT14404', '0815128201', '2021-09-07 19:04:22', '2021-09-07 19:04:22'),
(3729, 'TI15180005', 'IT14405', 'STMIKL-17-007', '2021-09-07 19:04:22', '2021-09-07 19:04:22'),
(3730, 'TI15180005', 'IT14406', 'STMIKL-17-006', '2021-09-07 19:04:22', '2021-09-07 19:04:22'),
(3731, 'TI15180005', 'IT14407', '0831129101', '2021-09-07 19:04:22', '2021-09-07 19:04:22'),
(3732, 'TI15180005', 'IT14408', 'STMIKL-17-004', '2021-09-07 19:04:22', '2021-09-07 19:04:22'),
(3733, 'TI15180006', 'IT14401', '0826098701', '2021-09-07 19:04:22', '2021-09-07 19:04:22'),
(3734, 'TI15180006', 'IT14402', 'STMIKL-17-009', '2021-09-07 19:04:22', '2021-09-07 19:04:22'),
(3735, 'TI15180006', 'IT14403', 'STMIKL-17-001', '2021-09-07 19:04:22', '2021-09-07 19:04:22'),
(3736, 'TI15180006', 'IT14404', '0815128201', '2021-09-07 19:04:22', '2021-09-07 19:04:22'),
(3737, 'TI15180006', 'IT14405', 'STMIKL-17-007', '2021-09-07 19:04:22', '2021-09-07 19:04:22'),
(3738, 'TI15180006', 'IT14406', 'STMIKL-17-006', '2021-09-07 19:04:22', '2021-09-07 19:04:22'),
(3739, 'TI15180006', 'IT14407', '0831129101', '2021-09-07 19:04:22', '2021-09-07 19:04:22'),
(3740, 'TI15180006', 'IT14408', 'STMIKL-17-004', '2021-09-07 19:04:22', '2021-09-07 19:04:22'),
(3741, 'TI15180007', 'IT14401', '0826098701', '2021-09-07 19:04:22', '2021-09-07 19:04:22'),
(3742, 'TI15180007', 'IT14402', 'STMIKL-17-009', '2021-09-07 19:04:22', '2021-09-07 19:04:22'),
(3743, 'TI15180007', 'IT14403', 'STMIKL-17-001', '2021-09-07 19:04:22', '2021-09-07 19:04:22'),
(3744, 'TI15180007', 'IT14404', '0815128201', '2021-09-07 19:04:22', '2021-09-07 19:04:22'),
(3745, 'TI15180007', 'IT14405', 'STMIKL-17-007', '2021-09-07 19:04:22', '2021-09-07 19:04:22'),
(3746, 'TI15180007', 'IT14406', 'STMIKL-17-006', '2021-09-07 19:04:22', '2021-09-07 19:04:22'),
(3747, 'TI15180007', 'IT14407', '0831129101', '2021-09-07 19:04:22', '2021-09-07 19:04:22'),
(3748, 'TI15180007', 'IT14408', 'STMIKL-17-004', '2021-09-07 19:04:22', '2021-09-07 19:04:22'),
(3749, 'TI15180009', 'IT14401', '0826098701', '2021-09-07 19:04:22', '2021-09-07 19:04:22'),
(3750, 'TI15180009', 'IT14402', 'STMIKL-17-009', '2021-09-07 19:04:22', '2021-09-07 19:04:22'),
(3751, 'TI15180009', 'IT14403', 'STMIKL-17-001', '2021-09-07 19:04:22', '2021-09-07 19:04:22'),
(3752, 'TI15180009', 'IT14404', '0815128201', '2021-09-07 19:04:22', '2021-09-07 19:04:22'),
(3753, 'TI15180009', 'IT14405', 'STMIKL-17-007', '2021-09-07 19:04:22', '2021-09-07 19:04:22'),
(3754, 'TI15180009', 'IT14406', 'STMIKL-17-006', '2021-09-07 19:04:22', '2021-09-07 19:04:22'),
(3755, 'TI15180009', 'IT14407', '0831129101', '2021-09-07 19:04:22', '2021-09-07 19:04:22'),
(3756, 'TI15180009', 'IT14408', 'STMIKL-17-004', '2021-09-07 19:04:22', '2021-09-07 19:04:22'),
(3757, 'TI15180010', 'IT14401', '0826098701', '2021-09-07 19:04:22', '2021-09-07 19:04:22'),
(3758, 'TI15180010', 'IT14402', 'STMIKL-17-009', '2021-09-07 19:04:22', '2021-09-07 19:04:22'),
(3759, 'TI15180010', 'IT14403', 'STMIKL-17-001', '2021-09-07 19:04:22', '2021-09-07 19:04:22'),
(3760, 'TI15180010', 'IT14404', '0815128201', '2021-09-07 19:04:22', '2021-09-07 19:04:22'),
(3761, 'TI15180010', 'IT14405', 'STMIKL-17-007', '2021-09-07 19:04:22', '2021-09-07 19:04:22'),
(3762, 'TI15180010', 'IT14406', 'STMIKL-17-006', '2021-09-07 19:04:22', '2021-09-07 19:04:22'),
(3763, 'TI15180010', 'IT14407', '0831129101', '2021-09-07 19:04:22', '2021-09-07 19:04:22'),
(3764, 'TI15180010', 'IT14408', 'STMIKL-17-004', '2021-09-07 19:04:22', '2021-09-07 19:04:22'),
(3765, 'TI15180011', 'IT14401', '0826098701', '2021-09-07 19:04:22', '2021-09-07 19:04:22'),
(3766, 'TI15180011', 'IT14402', 'STMIKL-17-009', '2021-09-07 19:04:22', '2021-09-07 19:04:22'),
(3767, 'TI15180011', 'IT14403', 'STMIKL-17-001', '2021-09-07 19:04:22', '2021-09-07 19:04:22'),
(3768, 'TI15180011', 'IT14404', '0815128201', '2021-09-07 19:04:22', '2021-09-07 19:04:22'),
(3769, 'TI15180011', 'IT14405', 'STMIKL-17-007', '2021-09-07 19:04:22', '2021-09-07 19:04:22'),
(3770, 'TI15180011', 'IT14406', 'STMIKL-17-006', '2021-09-07 19:04:22', '2021-09-07 19:04:22'),
(3771, 'TI15180011', 'IT14407', '0831129101', '2021-09-07 19:04:22', '2021-09-07 19:04:22'),
(3772, 'TI15180011', 'IT14408', 'STMIKL-17-004', '2021-09-07 19:04:22', '2021-09-07 19:04:22'),
(3773, 'TI16190001', 'IT14201', '0812038502', '2021-09-07 19:04:22', '2021-09-07 19:04:22'),
(3774, 'TI16190001', 'IT14207', 'STMIKL-17-004', '2021-09-07 19:04:22', '2021-09-07 19:04:22'),
(3775, 'TI16190001', 'IT14301', '0808058801', '2021-09-07 19:04:22', '2021-09-07 19:04:22'),
(3776, 'TI16190001', 'IT14704', '0813108602', '2021-09-07 19:04:22', '2021-09-07 19:04:22'),
(3777, 'TI16190001', 'IT14801', '0812038502', '2021-09-07 19:04:22', '2021-09-07 19:04:22'),
(3778, 'TI16190001', 'TI19202', 'STMIKL-19-001', '2021-09-07 19:04:22', '2021-09-07 19:04:22'),
(3779, 'TI16190001', 'TI19204', 'STMIKL-19-001', '2021-09-07 19:04:22', '2021-09-07 19:04:22'),
(3780, 'TI16190001', 'TI19205', 'STMIKL-17-003', '2021-09-07 19:04:22', '2021-09-07 19:04:22'),
(3781, 'TI16190003', 'IT14201', '0812038502', '2021-09-07 19:04:22', '2021-09-07 19:04:22'),
(3782, 'TI16190003', 'IT14207', 'STMIKL-17-004', '2021-09-07 19:04:22', '2021-09-07 19:04:22'),
(3783, 'TI16190003', 'IT14301', '0808058801', '2021-09-07 19:04:22', '2021-09-07 19:04:22'),
(3784, 'TI16190003', 'IT14704', '0813108602', '2021-09-07 19:04:22', '2021-09-07 19:04:22'),
(3785, 'TI16190003', 'IT14801', '0812038502', '2021-09-07 19:04:22', '2021-09-07 19:04:22'),
(3786, 'TI16190003', 'TI19202', 'STMIKL-19-001', '2021-09-07 19:04:22', '2021-09-07 19:04:22'),
(3787, 'TI16190003', 'TI19204', 'STMIKL-19-001', '2021-09-07 19:04:22', '2021-09-07 19:04:22'),
(3788, 'TI16190003', 'TI19205', 'STMIKL-17-003', '2021-09-07 19:04:22', '2021-09-07 19:04:22'),
(3789, 'TI16190004', 'IT14201', '0812038502', '2021-09-07 19:04:22', '2021-09-07 19:04:22'),
(3790, 'TI16190004', 'IT14207', 'STMIKL-17-004', '2021-09-07 19:04:22', '2021-09-07 19:04:22'),
(3791, 'TI16190004', 'IT14301', '0808058801', '2021-09-07 19:04:22', '2021-09-07 19:04:22'),
(3792, 'TI16190004', 'IT14704', '0813108602', '2021-09-07 19:04:22', '2021-09-07 19:04:22'),
(3793, 'TI16190004', 'IT14801', '0812038502', '2021-09-07 19:04:22', '2021-09-07 19:04:22'),
(3794, 'TI16190004', 'TI19202', 'STMIKL-19-001', '2021-09-07 19:04:22', '2021-09-07 19:04:22'),
(3795, 'TI16190004', 'TI19204', 'STMIKL-19-001', '2021-09-07 19:04:22', '2021-09-07 19:04:22'),
(3796, 'TI16190004', 'TI19205', 'STMIKL-17-003', '2021-09-07 19:04:22', '2021-09-07 19:04:22'),
(3797, 'TI16190005', 'IT14201', '0812038502', '2021-09-07 19:04:22', '2021-09-07 19:04:22'),
(3798, 'TI16190005', 'IT14207', 'STMIKL-17-004', '2021-09-07 19:04:22', '2021-09-07 19:04:22'),
(3799, 'TI16190005', 'IT14301', '0808058801', '2021-09-07 19:04:22', '2021-09-07 19:04:22'),
(3800, 'TI16190005', 'IT14704', '0813108602', '2021-09-07 19:04:22', '2021-09-07 19:04:22'),
(3801, 'TI16190005', 'IT14801', '0812038502', '2021-09-07 19:04:22', '2021-09-07 19:04:22'),
(3802, 'TI16190005', 'TI19202', 'STMIKL-19-001', '2021-09-07 19:04:22', '2021-09-07 19:04:22'),
(3803, 'TI16190005', 'TI19204', 'STMIKL-19-001', '2021-09-07 19:04:22', '2021-09-07 19:04:22'),
(3804, 'TI16190005', 'TI19205', 'STMIKL-17-003', '2021-09-07 19:04:22', '2021-09-07 19:04:22'),
(3805, 'TI16190006', 'IT14201', '0812038502', '2021-09-07 19:04:22', '2021-09-07 19:04:22'),
(3806, 'TI16190006', 'IT14207', 'STMIKL-17-004', '2021-09-07 19:04:22', '2021-09-07 19:04:22'),
(3807, 'TI16190006', 'IT14301', '0808058801', '2021-09-07 19:04:22', '2021-09-07 19:04:22'),
(3808, 'TI16190006', 'IT14704', '0813108602', '2021-09-07 19:04:22', '2021-09-07 19:04:22'),
(3809, 'TI16190006', 'IT14801', '0812038502', '2021-09-07 19:04:22', '2021-09-07 19:04:22'),
(3810, 'TI16190006', 'TI19202', 'STMIKL-19-001', '2021-09-07 19:04:22', '2021-09-07 19:04:22'),
(3811, 'TI16190006', 'TI19204', 'STMIKL-19-001', '2021-09-07 19:04:22', '2021-09-07 19:04:22'),
(3812, 'TI16190006', 'TI19205', 'STMIKL-17-003', '2021-09-07 19:04:22', '2021-09-07 19:04:22'),
(3813, 'TI16190008', 'IT14201', '0812038502', '2021-09-07 19:04:22', '2021-09-07 19:04:22'),
(3814, 'TI16190008', 'IT14207', 'STMIKL-17-004', '2021-09-07 19:04:22', '2021-09-07 19:04:22'),
(3815, 'TI16190008', 'IT14301', '0808058801', '2021-09-07 19:04:22', '2021-09-07 19:04:22'),
(3816, 'TI16190008', 'IT14704', '0813108602', '2021-09-07 19:04:22', '2021-09-07 19:04:22'),
(3817, 'TI16190008', 'IT14801', '0812038502', '2021-09-07 19:04:22', '2021-09-07 19:04:22'),
(3818, 'TI16190008', 'TI19202', 'STMIKL-19-001', '2021-09-07 19:04:22', '2021-09-07 19:04:22'),
(3819, 'TI16190008', 'TI19204', 'STMIKL-19-001', '2021-09-07 19:04:22', '2021-09-07 19:04:22'),
(3820, 'TI16190008', 'TI19205', 'STMIKL-17-003', '2021-09-07 19:04:22', '2021-09-07 19:04:22'),
(3821, 'TI16190009', 'IT14201', '0812038502', '2021-09-07 19:04:22', '2021-09-07 19:04:22'),
(3822, 'TI16190009', 'IT14207', 'STMIKL-17-004', '2021-09-07 19:04:22', '2021-09-07 19:04:22'),
(3823, 'TI16190009', 'IT14301', '0808058801', '2021-09-07 19:04:22', '2021-09-07 19:04:22'),
(3824, 'TI16190009', 'IT14704', '0813108602', '2021-09-07 19:04:22', '2021-09-07 19:04:22'),
(3825, 'TI16190009', 'IT14801', '0812038502', '2021-09-07 19:04:22', '2021-09-07 19:04:22'),
(3826, 'TI16190009', 'TI19202', 'STMIKL-19-001', '2021-09-07 19:04:22', '2021-09-07 19:04:22'),
(3827, 'TI16190009', 'TI19204', 'STMIKL-19-001', '2021-09-07 19:04:22', '2021-09-07 19:04:22'),
(3828, 'TI16190009', 'TI19205', 'STMIKL-17-003', '2021-09-07 19:04:22', '2021-09-07 19:04:22'),
(3829, 'TI16190010', 'IT14201', '0812038502', '2021-09-07 19:04:22', '2021-09-07 19:04:22'),
(3830, 'TI16190010', 'IT14207', 'STMIKL-17-004', '2021-09-07 19:04:22', '2021-09-07 19:04:22'),
(3831, 'TI16190010', 'IT14301', '0808058801', '2021-09-07 19:04:22', '2021-09-07 19:04:22'),
(3832, 'TI16190010', 'IT14704', '0813108602', '2021-09-07 19:04:22', '2021-09-07 19:04:22'),
(3833, 'TI16190010', 'IT14801', '0812038502', '2021-09-07 19:04:22', '2021-09-07 19:04:22'),
(3834, 'TI16190010', 'TI19202', 'STMIKL-19-001', '2021-09-07 19:04:22', '2021-09-07 19:04:22'),
(3835, 'TI16190010', 'TI19204', 'STMIKL-19-001', '2021-09-07 19:04:22', '2021-09-07 19:04:22'),
(3836, 'TI16190010', 'TI19205', 'STMIKL-17-003', '2021-09-07 19:04:22', '2021-09-07 19:04:22'),
(3837, 'TI16190011', 'IT14201', '0812038502', '2021-09-07 19:04:22', '2021-09-07 19:04:22'),
(3838, 'TI16190011', 'IT14207', 'STMIKL-17-004', '2021-09-07 19:04:22', '2021-09-07 19:04:22'),
(3839, 'TI16190011', 'IT14301', '0808058801', '2021-09-07 19:04:22', '2021-09-07 19:04:22'),
(3840, 'TI16190011', 'IT14704', '0813108602', '2021-09-07 19:04:22', '2021-09-07 19:04:22'),
(3841, 'TI16190011', 'IT14801', '0812038502', '2021-09-07 19:04:22', '2021-09-07 19:04:22'),
(3842, 'TI16190011', 'TI19202', 'STMIKL-19-001', '2021-09-07 19:04:22', '2021-09-07 19:04:22'),
(3843, 'TI16190011', 'TI19204', 'STMIKL-19-001', '2021-09-07 19:04:22', '2021-09-07 19:04:22'),
(3844, 'TI16190011', 'TI19205', 'STMIKL-17-003', '2021-09-07 19:04:22', '2021-09-07 19:04:22'),
(3845, 'TI16190012', 'IT14201', '0812038502', '2021-09-07 19:04:22', '2021-09-07 19:04:22'),
(3846, 'TI16190012', 'IT14207', 'STMIKL-17-004', '2021-09-07 19:04:22', '2021-09-07 19:04:22'),
(3847, 'TI16190012', 'IT14301', '0808058801', '2021-09-07 19:04:22', '2021-09-07 19:04:22'),
(3848, 'TI16190012', 'IT14704', '0813108602', '2021-09-07 19:04:22', '2021-09-07 19:04:22'),
(3849, 'TI16190012', 'IT14801', '0812038502', '2021-09-07 19:04:22', '2021-09-07 19:04:22'),
(3850, 'TI16190012', 'TI19202', 'STMIKL-19-001', '2021-09-07 19:04:22', '2021-09-07 19:04:22'),
(3851, 'TI16190012', 'TI19204', 'STMIKL-19-001', '2021-09-07 19:04:22', '2021-09-07 19:04:22'),
(3852, 'TI16190012', 'TI19205', 'STMIKL-17-003', '2021-09-07 19:04:22', '2021-09-07 19:04:22'),
(3853, 'TI16190013', 'IT14201', '0812038502', '2021-09-07 19:04:22', '2021-09-07 19:04:22'),
(3854, 'TI16190013', 'IT14207', 'STMIKL-17-004', '2021-09-07 19:04:22', '2021-09-07 19:04:22'),
(3855, 'TI16190013', 'IT14301', '0808058801', '2021-09-07 19:04:22', '2021-09-07 19:04:22'),
(3856, 'TI16190013', 'IT14704', '0813108602', '2021-09-07 19:04:22', '2021-09-07 19:04:22'),
(3857, 'TI16190013', 'IT14801', '0812038502', '2021-09-07 19:04:22', '2021-09-07 19:04:22'),
(3858, 'TI16190013', 'TI19202', 'STMIKL-19-001', '2021-09-07 19:04:22', '2021-09-07 19:04:22'),
(3859, 'TI16190013', 'TI19204', 'STMIKL-19-001', '2021-09-07 19:04:22', '2021-09-07 19:04:22'),
(3860, 'TI16190013', 'TI19205', 'STMIKL-17-003', '2021-09-07 19:04:22', '2021-09-07 19:04:22'),
(3861, 'TI16190014', 'IT14201', '0812038502', '2021-09-07 19:04:22', '2021-09-07 19:04:22'),
(3862, 'TI16190014', 'IT14207', 'STMIKL-17-004', '2021-09-07 19:04:22', '2021-09-07 19:04:22'),
(3863, 'TI16190014', 'IT14301', '0808058801', '2021-09-07 19:04:22', '2021-09-07 19:04:22'),
(3864, 'TI16190014', 'IT14704', '0813108602', '2021-09-07 19:04:22', '2021-09-07 19:04:22'),
(3865, 'TI16190014', 'IT14801', '0812038502', '2021-09-07 19:04:22', '2021-09-07 19:04:22'),
(3866, 'TI16190014', 'TI19202', 'STMIKL-19-001', '2021-09-07 19:04:22', '2021-09-07 19:04:22'),
(3867, 'TI16190014', 'TI19204', 'STMIKL-19-001', '2021-09-07 19:04:22', '2021-09-07 19:04:22'),
(3868, 'TI16190014', 'TI19205', 'STMIKL-17-003', '2021-09-07 19:04:22', '2021-09-07 19:04:22'),
(3869, 'TI16190016', 'IT14201', '0812038502', '2021-09-07 19:04:22', '2021-09-07 19:04:22'),
(3870, 'TI16190016', 'IT14207', 'STMIKL-17-004', '2021-09-07 19:04:22', '2021-09-07 19:04:22'),
(3871, 'TI16190016', 'IT14301', '0808058801', '2021-09-07 19:04:22', '2021-09-07 19:04:22'),
(3872, 'TI16190016', 'IT14704', '0813108602', '2021-09-07 19:04:22', '2021-09-07 19:04:22'),
(3873, 'TI16190016', 'IT14801', '0812038502', '2021-09-07 19:04:22', '2021-09-07 19:04:22'),
(3874, 'TI16190016', 'TI19202', 'STMIKL-19-001', '2021-09-07 19:04:22', '2021-09-07 19:04:22'),
(3875, 'TI16190016', 'TI19204', 'STMIKL-19-001', '2021-09-07 19:04:22', '2021-09-07 19:04:22'),
(3876, 'TI16190016', 'TI19205', 'STMIKL-17-003', '2021-09-07 19:04:22', '2021-09-07 19:04:22'),
(3877, 'TI16190017', 'IT14201', '0812038502', '2021-09-07 19:04:22', '2021-09-07 19:04:22'),
(3878, 'TI16190017', 'IT14207', 'STMIKL-17-004', '2021-09-07 19:04:22', '2021-09-07 19:04:22'),
(3879, 'TI16190017', 'IT14301', '0808058801', '2021-09-07 19:04:22', '2021-09-07 19:04:22'),
(3880, 'TI16190017', 'IT14704', '0813108602', '2021-09-07 19:04:22', '2021-09-07 19:04:22'),
(3881, 'TI16190017', 'IT14801', '0812038502', '2021-09-07 19:04:22', '2021-09-07 19:04:22'),
(3882, 'TI16190017', 'TI19202', 'STMIKL-19-001', '2021-09-07 19:04:22', '2021-09-07 19:04:22'),
(3883, 'TI16190017', 'TI19204', 'STMIKL-19-001', '2021-09-07 19:04:22', '2021-09-07 19:04:22'),
(3884, 'TI16190017', 'TI19205', 'STMIKL-17-003', '2021-09-07 19:04:22', '2021-09-07 19:04:22'),
(3885, 'TI16190018', 'IT14201', '0812038502', '2021-09-07 19:04:22', '2021-09-07 19:04:22'),
(3886, 'TI16190018', 'IT14207', 'STMIKL-17-004', '2021-09-07 19:04:22', '2021-09-07 19:04:22'),
(3887, 'TI16190018', 'IT14301', '0808058801', '2021-09-07 19:04:22', '2021-09-07 19:04:22'),
(3888, 'TI16190018', 'IT14704', '0813108602', '2021-09-07 19:04:22', '2021-09-07 19:04:22'),
(3889, 'TI16190018', 'IT14801', '0812038502', '2021-09-07 19:04:22', '2021-09-07 19:04:22'),
(3890, 'TI16190018', 'TI19202', 'STMIKL-19-001', '2021-09-07 19:04:22', '2021-09-07 19:04:22'),
(3891, 'TI16190018', 'TI19204', 'STMIKL-19-001', '2021-09-07 19:04:22', '2021-09-07 19:04:22'),
(3892, 'TI16190018', 'TI19205', 'STMIKL-17-003', '2021-09-07 19:04:22', '2021-09-07 19:04:22'),
(3893, 'TI16190020', 'IT14201', '0812038502', '2021-09-07 19:04:22', '2021-09-07 19:04:22'),
(3894, 'TI16190020', 'IT14207', 'STMIKL-17-004', '2021-09-07 19:04:22', '2021-09-07 19:04:22'),
(3895, 'TI16190020', 'IT14301', '0808058801', '2021-09-07 19:04:22', '2021-09-07 19:04:22'),
(3896, 'TI16190020', 'IT14704', '0813108602', '2021-09-07 19:04:22', '2021-09-07 19:04:22'),
(3897, 'TI16190020', 'IT14801', '0812038502', '2021-09-07 19:04:22', '2021-09-07 19:04:22'),
(3898, 'TI16190020', 'TI19202', 'STMIKL-19-001', '2021-09-07 19:04:22', '2021-09-07 19:04:22'),
(3899, 'TI16190020', 'TI19204', 'STMIKL-19-001', '2021-09-07 19:04:22', '2021-09-07 19:04:22'),
(3900, 'TI16190020', 'TI19205', 'STMIKL-17-003', '2021-09-07 19:04:22', '2021-09-07 19:04:22'),
(3901, 'TI16190021', 'IT14201', '0812038502', '2021-09-07 19:04:22', '2021-09-07 19:04:22'),
(3902, 'TI16190021', 'IT14207', 'STMIKL-17-004', '2021-09-07 19:04:22', '2021-09-07 19:04:22'),
(3903, 'TI16190021', 'IT14301', '0808058801', '2021-09-07 19:04:22', '2021-09-07 19:04:22'),
(3904, 'TI16190021', 'IT14704', '0813108602', '2021-09-07 19:04:22', '2021-09-07 19:04:22'),
(3905, 'TI16190021', 'IT14801', '0812038502', '2021-09-07 19:04:22', '2021-09-07 19:04:22'),
(3906, 'TI16190021', 'TI19202', 'STMIKL-19-001', '2021-09-07 19:04:22', '2021-09-07 19:04:22'),
(3907, 'TI16190021', 'TI19204', 'STMIKL-19-001', '2021-09-07 19:04:22', '2021-09-07 19:04:22'),
(3908, 'TI16190021', 'TI19205', 'STMIKL-17-003', '2021-09-07 19:04:22', '2021-09-07 19:04:22'),
(3909, 'TI16190022', 'IT14201', '0812038502', '2021-09-07 19:04:22', '2021-09-07 19:04:22'),
(3910, 'TI16190022', 'IT14602', '0818018202', '2021-09-07 19:04:22', '2021-09-07 19:04:22'),
(3911, 'TI16190022', 'IT14603', 'STMIKL-17-005', '2021-09-07 19:04:22', '2021-09-07 19:04:22'),
(3912, 'TI16190022', 'IT14607', '0831129101', '2021-09-07 19:04:22', '2021-09-07 19:04:22'),
(3913, 'TI16190022', 'IT14801', '0812038502', '2021-09-07 19:04:22', '2021-09-07 19:04:22'),
(3914, 'TI16190022', 'TI19202', 'STMIKL-19-001', '2021-09-07 19:04:22', '2021-09-07 19:04:22'),
(3915, 'TI16190022', 'TI19204', 'STMIKL-19-001', '2021-09-07 19:04:22', '2021-09-07 19:04:22'),
(3916, 'TI16190023', 'IT14201', '0812038502', '2021-09-07 19:04:22', '2021-09-07 19:04:22'),
(3917, 'TI16190023', 'IT14403', 'STMIKL-17-001', '2021-09-07 19:04:22', '2021-09-07 19:04:22'),
(3918, 'TI16190023', 'IT14405', 'STMIKL-17-007', '2021-09-07 19:04:22', '2021-09-07 19:04:22'),
(3919, 'TI16190023', 'IT14407', '0831129101', '2021-09-07 19:04:22', '2021-09-07 19:04:22'),
(3920, 'TI16190023', 'IT14603', 'STMIKL-17-005', '2021-09-07 19:04:22', '2021-09-07 19:04:22'),
(3921, 'TI16190023', 'IT14801', '0812038502', '2021-09-07 19:04:22', '2021-09-07 19:04:22'),
(3922, 'TI16190023', 'TI19202', 'STMIKL-19-001', '2021-09-07 19:04:22', '2021-09-07 19:04:22'),
(3923, 'TI16190023', 'TI19204', 'STMIKL-19-001', '2021-09-07 19:04:22', '2021-09-07 19:04:22'),
(3924, 'TI16190024', 'IT14401', '0826098701', '2021-09-07 19:04:22', '2021-09-07 19:04:22');
INSERT INTO `jadwal` (`id`, `nim`, `kode_mk`, `nidn`, `created_at`, `updated_at`) VALUES
(3925, 'TI16190024', 'IT14402', 'STMIKL-17-009', '2021-09-07 19:04:22', '2021-09-07 19:04:22'),
(3926, 'TI16190024', 'IT14403', 'STMIKL-17-001', '2021-09-07 19:04:22', '2021-09-07 19:04:22'),
(3927, 'TI16190024', 'IT14404', '0815128201', '2021-09-07 19:04:22', '2021-09-07 19:04:22'),
(3928, 'TI16190024', 'IT14406', 'STMIKL-17-006', '2021-09-07 19:04:22', '2021-09-07 19:04:22'),
(3929, 'TI16190024', 'IT14407', '0831129101', '2021-09-07 19:04:22', '2021-09-07 19:04:22'),
(3930, 'TI16190024', 'IT14408', 'STMIKL-17-004', '2021-09-07 19:04:22', '2021-09-07 19:04:22'),
(3931, 'TI16190024', 'IT14801', '0812038502', '2021-09-07 19:04:22', '2021-09-07 19:04:22'),
(3932, 'TI16190024', 'TI19205', 'STMIKL-17-003', '2021-09-07 19:04:22', '2021-09-07 19:04:22'),
(3933, 'TI16190025', 'IT14201', '0812038502', '2021-09-07 19:04:22', '2021-09-07 19:04:22'),
(3934, 'TI16190025', 'IT14207', 'STMIKL-17-004', '2021-09-07 19:04:22', '2021-09-07 19:04:22'),
(3935, 'TI16190025', 'IT14301', '0808058801', '2021-09-07 19:04:22', '2021-09-07 19:04:22'),
(3936, 'TI16190025', 'IT14408', 'STMIKL-17-004', '2021-09-07 19:04:22', '2021-09-07 19:04:22'),
(3937, 'TI16190025', 'IT14801', '0812038502', '2021-09-07 19:04:22', '2021-09-07 19:04:22'),
(3938, 'TI16190025', 'TI19202', 'STMIKL-19-001', '2021-09-07 19:04:22', '2021-09-07 19:04:22'),
(3939, 'TI16190025', 'TI19204', 'STMIKL-19-001', '2021-09-07 19:04:22', '2021-09-07 19:04:22'),
(3940, 'TI16190025', 'TI19205', 'STMIKL-17-003', '2021-09-07 19:04:22', '2021-09-07 19:04:22'),
(3941, 'TI16190026', 'IT14201', '0812038502', '2021-09-07 19:04:22', '2021-09-07 19:04:22'),
(3942, 'TI16190026', 'IT14207', 'STMIKL-17-004', '2021-09-07 19:04:22', '2021-09-07 19:04:22'),
(3943, 'TI16190026', 'IT14301', '0808058801', '2021-09-07 19:04:22', '2021-09-07 19:04:22'),
(3944, 'TI16190026', 'IT14704', '0813108602', '2021-09-07 19:04:22', '2021-09-07 19:04:22'),
(3945, 'TI16190026', 'IT14801', '0812038502', '2021-09-07 19:04:22', '2021-09-07 19:04:22'),
(3946, 'TI16190026', 'TI19202', 'STMIKL-19-001', '2021-09-07 19:04:22', '2021-09-07 19:04:22'),
(3947, 'TI16190026', 'TI19204', 'STMIKL-19-001', '2021-09-07 19:04:22', '2021-09-07 19:04:22'),
(3948, 'TI16190026', 'TI19205', 'STMIKL-17-003', '2021-09-07 19:04:22', '2021-09-07 19:04:22'),
(3949, 'SI14170004', 'IT14210', '0827036202', '2021-09-10 09:28:58', '2021-09-10 09:28:58');

-- --------------------------------------------------------

--
-- Table structure for table `kriteria`
--

CREATE TABLE `kriteria` (
  `id` int(10) UNSIGNED NOT NULL,
  `label` char(3) NOT NULL,
  `kriteria` varchar(100) NOT NULL,
  `created_at` timestamp NOT NULL DEFAULT CURRENT_TIMESTAMP,
  `udpated_at` timestamp NOT NULL DEFAULT CURRENT_TIMESTAMP ON UPDATE CURRENT_TIMESTAMP
) ENGINE=InnoDB DEFAULT CHARSET=latin1;

--
-- Dumping data for table `kriteria`
--

INSERT INTO `kriteria` (`id`, `label`, `kriteria`, `created_at`, `udpated_at`) VALUES
(1, 'C1', 'Kejelasan tujuan dari mata kuliah', '2021-09-08 07:07:12', '2021-09-08 07:07:22'),
(2, 'C2', 'Kesesuaian komposisi materi dengan tujuan', '2021-09-08 07:07:38', '2021-09-08 07:07:38'),
(3, 'C3', 'Pengorganisasian sistematika materi kuliah', '2021-09-08 07:08:17', '2021-09-08 07:08:17'),
(4, 'C4', 'Keseimbangan tugas ( kasus / latihan) dengan materi kuliah', '2021-09-08 07:08:34', '2021-09-08 07:08:34'),
(5, 'C5', 'Penguasaan materi kuliah', '2021-09-08 07:08:51', '2021-09-08 07:08:51'),
(6, 'C6', 'Relevansi materi kuliah dengan dunia nyata', '2021-09-08 07:09:10', '2021-09-08 07:09:10'),
(7, 'C7', 'Handout yang diberikan', '2021-09-08 07:09:37', '2021-09-08 07:09:37'),
(8, 'C8', 'Kemampuan berkomunikasi', '2021-09-08 07:09:51', '2021-09-08 07:09:51'),
(9, 'C9', 'Kemampuan membuat mata kuliah yang diajarkan menarik', '2021-09-08 07:10:07', '2021-09-08 07:10:07'),
(10, 'C10', 'Contoh-contoh yang diberikan dapat meningkatkan', '2021-09-08 07:10:25', '2021-09-08 07:10:25'),
(11, 'C11', 'Keterbukaan terhadap pendapat-pendapat dari mahasiswa', '2021-09-08 07:10:39', '2021-09-08 07:10:39'),
(12, 'C12', 'Menjaga kuliah agar tetap berada  pada konteks topik yang dibicarakan', '2021-09-08 07:11:19', '2021-09-08 07:11:19'),
(13, 'C13', 'Ketepatan waktu memulai kuliah', '2021-09-08 07:11:33', '2021-09-08 07:11:33'),
(14, 'C14', 'Ketepatan waktu mengakhiri kuliah', '2021-09-08 07:11:47', '2021-09-08 07:11:47'),
(15, 'C15', 'Penampilan / performance', '2021-09-08 07:12:03', '2021-09-08 07:12:03'),
(16, 'C16', 'Penilaian secara keseluruhan terhadap dosen yang bersangkutan', '2021-09-08 07:12:19', '2021-09-08 07:12:19');

-- --------------------------------------------------------

--
-- Table structure for table `mata_kuliah`
--

CREATE TABLE `mata_kuliah` (
  `id` int(20) UNSIGNED NOT NULL,
  `kode_mk` varchar(20) NOT NULL,
  `nama_mk` varchar(50) NOT NULL,
  `created_at` timestamp NOT NULL DEFAULT CURRENT_TIMESTAMP,
  `updated_at` timestamp NOT NULL DEFAULT CURRENT_TIMESTAMP ON UPDATE CURRENT_TIMESTAMP
) ENGINE=InnoDB DEFAULT CHARSET=latin1;

--
-- Dumping data for table `mata_kuliah`
--

INSERT INTO `mata_kuliah` (`id`, `kode_mk`, `nama_mk`, `created_at`, `updated_at`) VALUES
(1095, 'IS14201', 'PENDIDIKAN KEWARGANEGARAAN', '2021-09-07 19:04:21', '2021-09-07 19:04:21'),
(1096, 'IS14303', 'BAHASA INDONESIA', '2021-09-07 19:04:21', '2021-09-07 19:04:21'),
(1097, 'IS14401', 'ANALISA DAN DESAIN SISTEM INFORMASI', '2021-09-07 19:04:21', '2021-09-07 19:04:21'),
(1098, 'IS14402', 'KOMUNIKASI DATA', '2021-09-07 19:04:21', '2021-09-07 19:04:21'),
(1099, 'IS14403', 'PENGANTAR MULTIMEDIA', '2021-09-07 19:04:21', '2021-09-07 19:04:21'),
(1100, 'IS14404', 'PERANCANGAN BASIS DATA', '2021-09-07 19:04:21', '2021-09-07 19:04:21'),
(1101, 'IS14405', 'DESAIN WEB', '2021-09-07 19:04:21', '2021-09-07 19:04:21'),
(1102, 'IS14406', 'BAHASA PEMROGRAMAN', '2021-09-07 19:04:21', '2021-09-07 19:04:21'),
(1103, 'IS14407', 'SISTEM BERKAS', '2021-09-07 19:04:21', '2021-09-07 19:04:21'),
(1104, 'IS14408', 'PEMROGRAMAN BERORIENTASI OBJEK', '2021-09-07 19:04:21', '2021-09-07 19:04:21'),
(1105, 'IS14506', 'JARINGAN KOMPUTER', '2021-09-07 19:04:21', '2021-09-07 19:04:21'),
(1106, 'IS14601', 'REKAYASA PERANGKAT LUNAK', '2021-09-07 19:04:21', '2021-09-07 19:04:21'),
(1107, 'IS14602', 'INTERAKSI MANUSIA DAN KOMPUTER', '2021-09-07 19:04:21', '2021-09-07 19:04:21'),
(1108, 'IS14603', 'ETIKA PROFESI IT', '2021-09-07 19:04:21', '2021-09-07 19:04:21'),
(1109, 'IS14604', 'METODE PENELITIAN SISTEM INFORMASI', '2021-09-07 19:04:21', '2021-09-07 19:04:21'),
(1110, 'IS14605', 'MANAJEMEN PROYEK SISTEM INFORMASI', '2021-09-07 19:04:21', '2021-09-07 19:04:21'),
(1111, 'IS14606', 'PRAKTEK KERJA LAPANGAN', '2021-09-07 19:04:21', '2021-09-07 19:04:21'),
(1112, 'IS14607', 'TEKNIK PENGUJIAN SISTEM', '2021-09-07 19:04:21', '2021-09-07 19:04:21'),
(1113, 'IS14609', 'E-COMMERCE', '2021-09-07 19:04:21', '2021-09-07 19:04:21'),
(1114, 'IS14706', 'KULIAH KERJA NYATA', '2021-09-07 19:04:21', '2021-09-07 19:04:21'),
(1115, 'IS14801', 'SKRIPSI', '2021-09-07 19:04:21', '2021-09-07 19:04:21'),
(1116, 'IS19202', 'Struktur Data dan Algoritma', '2021-09-07 19:04:21', '2021-09-07 19:04:21'),
(1117, 'IS19203', 'Arsitektur dan Organisasi Komputer', '2021-09-07 19:04:21', '2021-09-07 19:04:21'),
(1118, 'IS19204', 'Aplikasi Multimedia dan Animasi', '2021-09-07 19:04:21', '2021-09-07 19:04:21'),
(1119, 'IS19205', 'Aljabar Linier', '2021-09-07 19:04:21', '2021-09-07 19:04:21'),
(1120, 'IS19206', 'PENDIDIKAN ANTI KORUPSI', '2021-09-07 19:04:21', '2021-09-07 19:04:21'),
(1121, 'IT14201', 'PENDIDIKAN KEWARGANEGARAAN', '2021-09-07 19:04:21', '2021-09-07 19:04:21'),
(1122, 'IT14207', 'STRUKTUR DATA', '2021-09-07 19:04:21', '2021-09-07 19:04:21'),
(1123, 'IT14301', 'KONSEP SISTEM INFORMASI', '2021-09-07 19:04:21', '2021-09-07 19:04:21'),
(1124, 'IT14401', 'ANALISA DAN DESAIN SISTEM INFORMASI', '2021-09-07 19:04:21', '2021-09-07 19:04:21'),
(1125, 'IT14402', 'SISTEM OPERASI', '2021-09-07 19:04:21', '2021-09-07 19:04:21'),
(1126, 'IT14403', 'KOMPUTER GRAFIS', '2021-09-07 19:04:21', '2021-09-07 19:04:21'),
(1127, 'IT14404', 'PERANCANGAN BASIS DATA', '2021-09-07 19:04:21', '2021-09-07 19:04:21'),
(1128, 'IT14405', 'PEMROGRAMAN WEB', '2021-09-07 19:04:21', '2021-09-07 19:04:21'),
(1129, 'IT14406', 'PEMROGRAMAN DELPHI', '2021-09-07 19:04:21', '2021-09-07 19:04:21'),
(1130, 'IT14407', 'JARINGAN KOMPUTER', '2021-09-07 19:04:21', '2021-09-07 19:04:21'),
(1131, 'IT14408', 'PEMROGRAMAN BERORIENTASI OBJEK', '2021-09-07 19:04:21', '2021-09-07 19:04:21'),
(1132, 'IT14601', 'REKAYASA PERANGKAT LUNAK', '2021-09-07 19:04:21', '2021-09-07 19:04:21'),
(1133, 'IT14602', 'INTERAKSI MANUSIA DAN KOMPUTER', '2021-09-07 19:04:21', '2021-09-07 19:04:21'),
(1134, 'IT14603', 'ETIKA PROFESI IT', '2021-09-07 19:04:21', '2021-09-07 19:04:21'),
(1135, 'IT14604', 'MANAJEMEN PROYEK PERANGKAT LUNAK', '2021-09-07 19:04:21', '2021-09-07 19:04:21'),
(1136, 'IT14605', 'PEMROGRAMAN CLIENT SERVER', '2021-09-07 19:04:21', '2021-09-07 19:04:21'),
(1137, 'IT14606', 'PRAKTEK KERJA LAPANGAN', '2021-09-07 19:04:21', '2021-09-07 19:04:21'),
(1138, 'IT14607', 'KEAMANAN JARINGAN KOMPUTER (J)', '2021-09-07 19:04:21', '2021-09-07 19:04:21'),
(1139, 'IT14608', 'APLIKASI KONTEMPORER BERBASIS WEB (J)', '2021-09-07 19:04:21', '2021-09-07 19:04:21'),
(1140, 'IT14704', 'BAHASA INGGRIS II', '2021-09-07 19:04:21', '2021-09-07 19:04:21'),
(1141, 'IT14706', 'KULIAH KERJA NYATA', '2021-09-07 19:04:21', '2021-09-07 19:04:21'),
(1142, 'IT14801', 'PENDIDIKAN ANTI KORUPSI', '2021-09-07 19:04:21', '2021-09-07 19:04:21'),
(1143, 'TI0802', 'TUGAS AKHIR', '2021-09-07 19:04:21', '2021-09-07 19:04:21'),
(1144, 'TI19202', 'MATEMATIKA DISKRIT 2', '2021-09-07 19:04:21', '2021-09-07 19:04:21'),
(1145, 'TI19204', 'KALKULUS 2', '2021-09-07 19:04:21', '2021-09-07 19:04:21'),
(1146, 'TI19205', 'ALGORITMA DAN PEMROGRAMAN LANJUT', '2021-09-07 19:04:21', '2021-09-07 19:04:21'),
(1147, 'IT14210', 'Pendidikan Agama Islam', '2021-09-10 09:27:55', '2021-09-10 09:27:55');

-- --------------------------------------------------------

--
-- Table structure for table `menu`
--

CREATE TABLE `menu` (
  `id` bigint(20) UNSIGNED NOT NULL,
  `title` varchar(128) COLLATE utf8mb4_unicode_ci NOT NULL,
  `icon` varchar(25) COLLATE utf8mb4_unicode_ci NOT NULL,
  `link` varchar(50) COLLATE utf8mb4_unicode_ci NOT NULL,
  `aktif` enum('1','0') COLLATE utf8mb4_unicode_ci NOT NULL DEFAULT '1',
  `urutan` int(11) NOT NULL,
  `created_at` timestamp NULL DEFAULT NULL,
  `updated_at` timestamp NULL DEFAULT NULL
) ENGINE=InnoDB DEFAULT CHARSET=utf8mb4 COLLATE=utf8mb4_unicode_ci;

--
-- Dumping data for table `menu`
--

INSERT INTO `menu` (`id`, `title`, `icon`, `link`, `aktif`, `urutan`, `created_at`, `updated_at`) VALUES
(1, 'Dashboard', 'cil-speedometer', 'admin', '1', 1, NULL, NULL),
(2, 'Pengaturan', 'cil-laptop', '#', '1', 2, NULL, NULL),
(6, 'Master Data', 'cil-list', 'admin/data', '1', 3, '2021-08-01 18:18:34', '2021-09-07 08:54:53'),
(7, 'Setting', 'cil-cog', 'admin/setting', '1', 6, '2021-09-07 05:14:22', '2021-09-07 10:56:55'),
(8, 'Data SPK', 'cil-list', 'admin/spk', '1', 4, '2021-09-07 10:54:39', '2021-09-07 10:54:41'),
(9, 'Kuisioner Mahasiswa', 'cil-list', 'admin/kuisioner', '1', 5, '2021-09-07 10:56:48', '2021-09-07 10:56:55');

-- --------------------------------------------------------

--
-- Table structure for table `mhs`
--

CREATE TABLE `mhs` (
  `id` int(10) UNSIGNED NOT NULL,
  `nim` varchar(10) NOT NULL,
  `nama_mhs` varchar(50) NOT NULL,
  `jurusan` varchar(50) NOT NULL,
  `created_at` timestamp NOT NULL DEFAULT CURRENT_TIMESTAMP,
  `updated_at` timestamp NOT NULL DEFAULT CURRENT_TIMESTAMP ON UPDATE CURRENT_TIMESTAMP
) ENGINE=InnoDB DEFAULT CHARSET=latin1;

--
-- Dumping data for table `mhs`
--

INSERT INTO `mhs` (`id`, `nim`, `nama_mhs`, `jurusan`, `created_at`, `updated_at`) VALUES
(2134, 'SI12150013', 'MUHAMMAD FAJAR', 'Sistem Informasi', '2021-09-07 19:04:21', '2021-09-07 19:04:21'),
(2135, 'SI13160001', 'MUHAMAD RODI', 'Sistem Informasi', '2021-09-07 19:04:21', '2021-09-07 19:04:21'),
(2136, 'SI13160003', 'SITI HALIMATUN JANNAH', 'Sistem Informasi', '2021-09-07 19:04:21', '2021-09-07 19:04:21'),
(2137, 'SI13160004', 'LALU RIKI HUSADA', 'Sistem Informasi', '2021-09-07 19:04:21', '2021-09-07 19:04:21'),
(2138, 'SI13160008', 'KHAIRUL KAHPI', 'Sistem Informasi', '2021-09-07 19:04:21', '2021-09-07 19:04:21'),
(2139, 'SI14170003', 'NURFITRIANI', 'Sistem Informasi', '2021-09-07 19:04:21', '2021-09-07 19:04:21'),
(2140, 'SI14170004', 'NUR HIDAYATI', 'Sistem Informasi', '2021-09-07 19:04:21', '2021-09-07 19:04:21'),
(2141, 'SI14170007', 'FITRI MIRNA HIDAYATI', 'Sistem Informasi', '2021-09-07 19:04:21', '2021-09-07 19:04:21'),
(2142, 'SI14170008', 'NISRATUL ULYA', 'Sistem Informasi', '2021-09-07 19:04:21', '2021-09-07 19:04:21'),
(2143, 'SI14170009', 'BAIQ KHAIRUNNISA', 'Sistem Informasi', '2021-09-07 19:04:21', '2021-09-07 19:04:21'),
(2144, 'SI14170010', 'ROHMAYANI', 'Sistem Informasi', '2021-09-07 19:04:21', '2021-09-07 19:04:21'),
(2145, 'SI14170012', 'Suhaini', 'Sistem Informasi', '2021-09-07 19:04:21', '2021-09-07 19:04:21'),
(2146, 'SI14170013', 'Muhamad Sahal Mahfuz', 'Sistem Informasi', '2021-09-07 19:04:21', '2021-09-07 19:04:21'),
(2147, 'SI15180002', 'RIKA NURHALIZA', 'Sistem Informasi', '2021-09-07 19:04:21', '2021-09-07 19:04:21'),
(2148, 'SI15180004', 'BAIQ DEA ZUALINA', 'Sistem Informasi', '2021-09-07 19:04:21', '2021-09-07 19:04:21'),
(2149, 'SI15180005', 'DAMANHARI SURYA RASYID', 'Sistem Informasi', '2021-09-07 19:04:21', '2021-09-07 19:04:21'),
(2150, 'SI15180007', 'SAMSUL RIZAL', 'Sistem Informasi', '2021-09-07 19:04:21', '2021-09-07 19:04:21'),
(2151, 'SI16190001', 'AHMAD IHZA SANIEYADI', 'Sistem Informasi', '2021-09-07 19:04:21', '2021-09-07 19:04:21'),
(2152, 'SI16190002', 'AKMALUDDIN', 'Sistem Informasi', '2021-09-07 19:04:21', '2021-09-07 19:04:21'),
(2153, 'SI16190004', 'BAIQ PRAJNYA PARAMITHA', 'Sistem Informasi', '2021-09-07 19:04:21', '2021-09-07 19:04:21'),
(2154, 'SI16190006', 'MUHAMMAD KHAIRI PAFIAN', 'Sistem Informasi', '2021-09-07 19:04:21', '2021-09-07 19:04:21'),
(2155, 'SI16190009', 'ASADULAH', 'Sistem Informasi', '2021-09-07 19:04:21', '2021-09-07 19:04:21'),
(2156, 'SI16190011', 'Budi Erwan', 'Sistem Informasi', '2021-09-07 19:04:21', '2021-09-07 19:04:21'),
(2157, 'SI16190012', 'Sri Wahyuni Putri', 'Sistem Informasi', '2021-09-07 19:04:21', '2021-09-07 19:04:21'),
(2158, 'SI16190014', 'Ni Wayan Suwiti', 'Sistem Informasi', '2021-09-07 19:04:21', '2021-09-07 19:04:21'),
(2159, 'SI16190016', 'Syam Basri Khalid', 'Sistem Informasi', '2021-09-07 19:04:21', '2021-09-07 19:04:21'),
(2160, 'SI16190017', 'Senang Ripai Yasin', 'Sistem Informasi', '2021-09-07 19:04:21', '2021-09-07 19:04:21'),
(2161, 'TI12150026', 'ARIFIN HARGIANTO', 'Teknik Informatika', '2021-09-07 19:04:21', '2021-09-07 19:04:21'),
(2162, 'TI13160001', 'BAIQ RIANIS', 'Teknik Informatika', '2021-09-07 19:04:21', '2021-09-07 19:04:21'),
(2163, 'TI13160009', 'LALU DEDEN JAYA PRATAMA', 'Teknik Informatika', '2021-09-07 19:04:21', '2021-09-07 19:04:21'),
(2164, 'TI13160014', 'JULIYANTIKA AYUDITA.P', 'Teknik Informatika', '2021-09-07 19:04:21', '2021-09-07 19:04:21'),
(2165, 'TI14170002', 'NELI HARDIANTI', 'Teknik Informatika', '2021-09-07 19:04:21', '2021-09-07 19:04:21'),
(2166, 'TI14170004', 'HASRIANI', 'Teknik Informatika', '2021-09-07 19:04:21', '2021-09-07 19:04:21'),
(2167, 'TI14170005', 'FIRDA WIDIASTUTI', 'Teknik Informatika', '2021-09-07 19:04:21', '2021-09-07 19:04:21'),
(2168, 'TI14170006', 'YENI RAHMAWATI', 'Teknik Informatika', '2021-09-07 19:04:21', '2021-09-07 19:04:21'),
(2169, 'TI14170007', 'IRWAN HADI', 'Teknik Informatika', '2021-09-07 19:04:21', '2021-09-07 19:04:21'),
(2170, 'TI14170008', 'MUH. AZMIL PAHRUL ROZI', 'Teknik Informatika', '2021-09-07 19:04:21', '2021-09-07 19:04:21'),
(2171, 'TI14170010', 'ARI AZHARI', 'Teknik Informatika', '2021-09-07 19:04:21', '2021-09-07 19:04:21'),
(2172, 'TI14170013', 'FERDY BARLIANSYAH R', 'Teknik Informatika', '2021-09-07 19:04:21', '2021-09-07 19:04:21'),
(2173, 'TI14170014', 'HAMZAN AZIZI', 'Teknik Informatika', '2021-09-07 19:04:21', '2021-09-07 19:04:21'),
(2174, 'TI14170015', 'LALU BINTANG ARYANDHANA', 'Teknik Informatika', '2021-09-07 19:04:21', '2021-09-07 19:04:21'),
(2175, 'TI14170019', 'ERNAWATI', 'Teknik Informatika', '2021-09-07 19:04:21', '2021-09-07 19:04:21'),
(2176, 'TI14170022', 'MARLINA SRI ASTUTI', 'Teknik Informatika', '2021-09-07 19:04:21', '2021-09-07 19:04:21'),
(2177, 'TI14170023', 'ELI DIANA RUKMAH', 'Teknik Informatika', '2021-09-07 19:04:21', '2021-09-07 19:04:21'),
(2178, 'TI14170024', 'AHMAD SYAUQI ZAFRULLAH', 'Teknik Informatika', '2021-09-07 19:04:21', '2021-09-07 19:04:21'),
(2179, 'TI14170025', 'HILDA SARI', 'Teknik Informatika', '2021-09-07 19:04:21', '2021-09-07 19:04:21'),
(2180, 'TI14170026', 'L. HERJAYADI PUTRA', 'Teknik Informatika', '2021-09-07 19:04:21', '2021-09-07 19:04:21'),
(2181, 'TI14170028', 'Aang Suvandi', 'Teknik Informatika', '2021-09-07 19:04:21', '2021-09-07 19:04:21'),
(2182, 'TI15180001', 'GINA FAIRUZ SHOFI', 'Teknik Informatika', '2021-09-07 19:04:21', '2021-09-07 19:04:21'),
(2183, 'TI15180002', 'L.RUDI SETIAWAN', 'Teknik Informatika', '2021-09-07 19:04:21', '2021-09-07 19:04:21'),
(2184, 'TI15180003', 'ANTI SUSILAWATI', 'Teknik Informatika', '2021-09-07 19:04:21', '2021-09-07 19:04:21'),
(2185, 'TI15180005', 'GILANG RESTU IMAM WAHYUDI', 'Teknik Informatika', '2021-09-07 19:04:21', '2021-09-07 19:04:21'),
(2186, 'TI15180006', 'LENI SEFVIA', 'Teknik Informatika', '2021-09-07 19:04:21', '2021-09-07 19:04:21'),
(2187, 'TI15180007', 'HIPZUL HILMI', 'Teknik Informatika', '2021-09-07 19:04:21', '2021-09-07 19:04:21'),
(2188, 'TI15180009', 'MUH. FAHRORROZI', 'Teknik Informatika', '2021-09-07 19:04:21', '2021-09-07 19:04:21'),
(2189, 'TI15180010', 'AHMAD REZAYUHARDI', 'Teknik Informatika', '2021-09-07 19:04:21', '2021-09-07 19:04:21'),
(2190, 'TI15180011', 'RIA SEPTI WAHYUNI', 'Teknik Informatika', '2021-09-07 19:04:21', '2021-09-07 19:04:21'),
(2191, 'TI16190001', 'Teddy Ridwan Hermawan', 'Teknik Informatika', '2021-09-07 19:04:21', '2021-09-07 19:04:21'),
(2192, 'TI16190003', 'Andrian Setya Lucmana', 'Teknik Informatika', '2021-09-07 19:04:21', '2021-09-07 19:04:21'),
(2193, 'TI16190004', 'Ashfiyan Hadi', 'Teknik Informatika', '2021-09-07 19:04:21', '2021-09-07 19:04:21'),
(2194, 'TI16190005', 'Dedi Asriadi', 'Teknik Informatika', '2021-09-07 19:04:21', '2021-09-07 19:04:21'),
(2195, 'TI16190006', 'Deni Satriawan', 'Teknik Informatika', '2021-09-07 19:04:21', '2021-09-07 19:04:21'),
(2196, 'TI16190008', 'Hartini', 'Teknik Informatika', '2021-09-07 19:04:21', '2021-09-07 19:04:21'),
(2197, 'TI16190009', 'Herta Pandian', 'Teknik Informatika', '2021-09-07 19:04:21', '2021-09-07 19:04:21'),
(2198, 'TI16190010', 'Wahyu Kurniawan', 'Teknik Informatika', '2021-09-07 19:04:21', '2021-09-07 19:04:21'),
(2199, 'TI16190011', 'Januardi Putra', 'Teknik Informatika', '2021-09-07 19:04:21', '2021-09-07 19:04:21'),
(2200, 'TI16190012', 'L. Yanpasmawi Sya\'ban', 'Teknik Informatika', '2021-09-07 19:04:21', '2021-09-07 19:04:21'),
(2201, 'TI16190013', 'Luluk Ika Ariani', 'Teknik Informatika', '2021-09-07 19:04:21', '2021-09-07 19:04:21'),
(2202, 'TI16190014', 'M. Jaelani', 'Teknik Informatika', '2021-09-07 19:04:21', '2021-09-07 19:04:21'),
(2203, 'TI16190016', 'Muh. Efendi', 'Teknik Informatika', '2021-09-07 19:04:21', '2021-09-07 19:04:21'),
(2204, 'TI16190017', 'Qaramathul Puspita Ningrum', 'Teknik Informatika', '2021-09-07 19:04:21', '2021-09-07 19:04:21'),
(2205, 'TI16190018', 'Yati Apriati', 'Teknik Informatika', '2021-09-07 19:04:21', '2021-09-07 19:04:21'),
(2206, 'TI16190020', 'Syamsul Hadi', 'Teknik Informatika', '2021-09-07 19:04:21', '2021-09-07 19:04:21'),
(2207, 'TI16190021', 'Zulkarnaen', 'Teknik Informatika', '2021-09-07 19:04:21', '2021-09-07 19:04:21'),
(2208, 'TI16190022', 'Sumardi Jayanto', 'Teknik Informatika', '2021-09-07 19:04:21', '2021-09-07 19:04:21'),
(2209, 'TI16190023', 'Tuti Hardiati', 'Teknik Informatika', '2021-09-07 19:04:21', '2021-09-07 19:04:21'),
(2210, 'TI16190024', 'Haekal Fawaid', 'Teknik Informatika', '2021-09-07 19:04:21', '2021-09-07 19:04:21'),
(2211, 'TI16190025', 'M. Izzuddin', 'Teknik Informatika', '2021-09-07 19:04:21', '2021-09-07 19:04:21'),
(2212, 'TI16190026', 'Husnul Khotimah', 'Teknik Informatika', '2021-09-07 19:04:21', '2021-09-07 19:04:21');

-- --------------------------------------------------------

--
-- Table structure for table `migrations`
--

CREATE TABLE `migrations` (
  `id` int(10) UNSIGNED NOT NULL,
  `migration` varchar(255) COLLATE utf8mb4_unicode_ci NOT NULL,
  `batch` int(11) NOT NULL
) ENGINE=InnoDB DEFAULT CHARSET=utf8mb4 COLLATE=utf8mb4_unicode_ci;

--
-- Dumping data for table `migrations`
--

INSERT INTO `migrations` (`id`, `migration`, `batch`) VALUES
(1, '2013_05_24_013208_create_roles_table', 1),
(2, '2014_10_12_000000_create_users_table', 1),
(3, '2014_10_12_100000_create_password_resets_table', 1),
(4, '2019_08_19_000000_create_failed_jobs_table', 1),
(5, '2021_04_02_042135_create_menus_table', 1),
(6, '2021_04_02_042618_create_submenus_table', 1),
(7, '2021_04_02_043118_create_akses_table', 1),
(8, '2021_05_26_081610_create_sliders_table', 2),
(9, '2021_05_26_223623_create_kategori_beritas_table', 3),
(10, '2021_05_27_060023_create_beritas_table', 4),
(11, '2021_07_08_013346_create_komentars_table', 5);

-- --------------------------------------------------------

--
-- Table structure for table `nilai_kriteria`
--

CREATE TABLE `nilai_kriteria` (
  `id` bigint(20) UNSIGNED NOT NULL,
  `id_responden_kriteria` int(10) UNSIGNED NOT NULL,
  `id_kriteria` int(10) UNSIGNED NOT NULL,
  `nilai` varchar(10) NOT NULL,
  `created_at` timestamp NOT NULL DEFAULT CURRENT_TIMESTAMP,
  `updated_at` timestamp NOT NULL DEFAULT CURRENT_TIMESTAMP ON UPDATE CURRENT_TIMESTAMP
) ENGINE=InnoDB DEFAULT CHARSET=latin1;

--
-- Dumping data for table `nilai_kriteria`
--

INSERT INTO `nilai_kriteria` (`id`, `id_responden_kriteria`, `id_kriteria`, `nilai`, `created_at`, `updated_at`) VALUES
(17, 2, 1, '6', '2021-09-09 03:09:37', '2021-09-09 03:09:37'),
(18, 2, 2, '6', '2021-09-09 03:09:37', '2021-09-09 03:09:37'),
(19, 2, 3, '6', '2021-09-09 03:09:37', '2021-09-09 03:09:37'),
(20, 2, 4, '6', '2021-09-09 03:09:37', '2021-09-09 03:09:37'),
(21, 2, 5, '7', '2021-09-09 03:09:37', '2021-09-09 03:09:37'),
(22, 2, 6, '7', '2021-09-09 03:09:37', '2021-09-09 03:09:37'),
(23, 2, 7, '6', '2021-09-09 03:09:37', '2021-09-09 03:09:37'),
(24, 2, 8, '7', '2021-09-09 03:09:37', '2021-09-09 03:09:37'),
(25, 2, 9, '6', '2021-09-09 03:09:37', '2021-09-09 03:09:37'),
(26, 2, 10, '6', '2021-09-09 03:09:37', '2021-09-09 03:09:37'),
(27, 2, 11, '6', '2021-09-09 03:09:37', '2021-09-09 03:09:37'),
(28, 2, 12, '6', '2021-09-09 03:09:37', '2021-09-09 03:09:37'),
(29, 2, 13, '6', '2021-09-09 03:09:37', '2021-09-09 03:09:37'),
(30, 2, 14, '6', '2021-09-09 03:09:37', '2021-09-09 03:09:37'),
(31, 2, 15, '6', '2021-09-09 03:09:37', '2021-09-09 03:09:37'),
(32, 2, 16, '7', '2021-09-09 03:09:37', '2021-09-09 03:09:37'),
(33, 3, 1, '9', '2021-09-09 03:10:22', '2021-09-09 03:10:22'),
(34, 3, 2, '8', '2021-09-09 03:10:22', '2021-09-09 03:10:22'),
(35, 3, 3, '5', '2021-09-09 03:10:22', '2021-09-09 03:10:22'),
(36, 3, 4, '6', '2021-09-09 03:10:22', '2021-09-09 03:10:22'),
(37, 3, 5, '7', '2021-09-09 03:10:22', '2021-09-09 03:10:22'),
(38, 3, 6, '6', '2021-09-09 03:10:22', '2021-09-09 03:10:22'),
(39, 3, 7, '4', '2021-09-09 03:10:22', '2021-09-09 03:10:22'),
(40, 3, 8, '7', '2021-09-09 03:10:22', '2021-09-09 03:10:22'),
(41, 3, 9, '5', '2021-09-09 03:10:22', '2021-09-09 03:10:22'),
(42, 3, 10, '5', '2021-09-09 03:10:22', '2021-09-09 03:10:22'),
(43, 3, 11, '6', '2021-09-09 03:10:22', '2021-09-09 03:10:22'),
(44, 3, 12, '6', '2021-09-09 03:10:22', '2021-09-09 03:10:22'),
(45, 3, 13, '6', '2021-09-09 03:10:22', '2021-09-09 03:10:22'),
(46, 3, 14, '6', '2021-09-09 03:10:22', '2021-09-09 03:10:22'),
(47, 3, 15, '7', '2021-09-09 03:10:22', '2021-09-09 03:10:22'),
(48, 3, 16, '7', '2021-09-09 03:10:22', '2021-09-09 03:10:22'),
(49, 4, 1, '8', '2021-09-09 03:11:33', '2021-09-09 03:11:33'),
(50, 4, 2, '8', '2021-09-09 03:11:33', '2021-09-09 03:11:33'),
(51, 4, 3, '6', '2021-09-09 03:11:33', '2021-09-09 03:11:33'),
(52, 4, 4, '6', '2021-09-09 03:11:33', '2021-09-09 03:11:33'),
(53, 4, 5, '8', '2021-09-09 03:11:33', '2021-09-09 03:11:33'),
(54, 4, 6, '7', '2021-09-09 03:11:33', '2021-09-09 03:11:33'),
(55, 4, 7, '6', '2021-09-09 03:11:33', '2021-09-09 03:11:33'),
(56, 4, 8, '7', '2021-09-09 03:11:33', '2021-09-09 03:11:33'),
(57, 4, 9, '7', '2021-09-09 03:11:33', '2021-09-09 03:11:33'),
(58, 4, 10, '7', '2021-09-09 03:11:33', '2021-09-09 03:11:33'),
(59, 4, 11, '5', '2021-09-09 03:11:33', '2021-09-09 03:11:33'),
(60, 4, 12, '4', '2021-09-09 03:11:33', '2021-09-09 03:11:33'),
(61, 4, 13, '5', '2021-09-09 03:11:33', '2021-09-09 03:11:33'),
(62, 4, 14, '6', '2021-09-09 03:11:33', '2021-09-09 03:11:33'),
(63, 4, 15, '5', '2021-09-09 03:11:33', '2021-09-09 03:11:33'),
(64, 4, 16, '5', '2021-09-09 03:11:33', '2021-09-09 03:11:33'),
(65, 5, 1, '5', '2021-09-09 03:12:55', '2021-09-09 03:12:55'),
(66, 5, 2, '6', '2021-09-09 03:12:55', '2021-09-09 03:12:55'),
(67, 5, 3, '6', '2021-09-09 03:12:55', '2021-09-09 03:12:55'),
(68, 5, 4, '6', '2021-09-09 03:12:55', '2021-09-09 03:12:55'),
(69, 5, 5, '7', '2021-09-09 03:12:55', '2021-09-09 03:12:55'),
(70, 5, 6, '7', '2021-09-09 03:12:55', '2021-09-09 03:12:55'),
(71, 5, 7, '7', '2021-09-09 03:12:55', '2021-09-09 03:12:55'),
(72, 5, 8, '7', '2021-09-09 03:12:55', '2021-09-09 03:12:55'),
(73, 5, 9, '6', '2021-09-09 03:12:55', '2021-09-09 03:12:55'),
(74, 5, 10, '6', '2021-09-09 03:12:55', '2021-09-09 03:12:55'),
(75, 5, 11, '5', '2021-09-09 03:12:55', '2021-09-09 03:12:55'),
(76, 5, 12, '7', '2021-09-09 03:12:55', '2021-09-09 03:12:55'),
(77, 5, 13, '5', '2021-09-09 03:12:55', '2021-09-09 03:12:55'),
(78, 5, 14, '5', '2021-09-09 03:12:55', '2021-09-09 03:12:55'),
(79, 5, 15, '7', '2021-09-09 03:12:55', '2021-09-09 03:12:55'),
(80, 5, 16, '8', '2021-09-09 03:12:55', '2021-09-09 03:12:55'),
(81, 6, 1, '8', '2021-09-09 03:13:26', '2021-09-09 03:13:26'),
(82, 6, 2, '5', '2021-09-09 03:13:26', '2021-09-09 03:13:26'),
(83, 6, 3, '7', '2021-09-09 03:13:26', '2021-09-09 03:13:26'),
(84, 6, 4, '7', '2021-09-09 03:13:26', '2021-09-09 03:13:26'),
(85, 6, 5, '7', '2021-09-09 03:13:26', '2021-09-09 03:13:26'),
(86, 6, 6, '7', '2021-09-09 03:13:26', '2021-09-09 03:13:26'),
(87, 6, 7, '5', '2021-09-09 03:13:26', '2021-09-09 03:13:26'),
(88, 6, 8, '6', '2021-09-09 03:13:26', '2021-09-09 03:13:26'),
(89, 6, 9, '5', '2021-09-09 03:13:26', '2021-09-09 03:13:26'),
(90, 6, 10, '6', '2021-09-09 03:13:26', '2021-09-09 03:13:26'),
(91, 6, 11, '6', '2021-09-09 03:13:26', '2021-09-09 03:13:26'),
(92, 6, 12, '5', '2021-09-09 03:13:26', '2021-09-09 03:13:26'),
(93, 6, 13, '7', '2021-09-09 03:13:26', '2021-09-09 03:13:26'),
(94, 6, 14, '7', '2021-09-09 03:13:26', '2021-09-09 03:13:26'),
(95, 6, 15, '5', '2021-09-09 03:13:26', '2021-09-09 03:13:26'),
(96, 6, 16, '7', '2021-09-09 03:13:26', '2021-09-09 03:13:26'),
(97, 1, 1, '10', '2021-09-10 08:32:07', '2021-09-10 08:32:07'),
(98, 1, 2, '5.25', '2021-09-10 08:32:07', '2021-09-10 08:32:07'),
(99, 1, 3, '5.25', '2021-09-10 08:32:07', '2021-09-10 08:32:07'),
(100, 1, 4, '6', '2021-09-10 08:32:07', '2021-09-10 08:32:07'),
(101, 1, 5, '10', '2021-09-10 08:32:07', '2021-09-10 08:32:07'),
(102, 1, 6, '10', '2021-09-10 08:32:07', '2021-09-10 08:32:07'),
(103, 1, 7, '6', '2021-09-10 08:32:07', '2021-09-10 08:32:07'),
(104, 1, 8, '10', '2021-09-10 08:32:07', '2021-09-10 08:32:07'),
(105, 1, 9, '6', '2021-09-10 08:32:07', '2021-09-10 08:32:07'),
(106, 1, 10, '4', '2021-09-10 08:32:07', '2021-09-10 08:32:07'),
(107, 1, 11, '5', '2021-09-10 08:32:07', '2021-09-10 08:32:07'),
(108, 1, 12, '7', '2021-09-10 08:32:07', '2021-09-10 08:32:07'),
(109, 1, 13, '6', '2021-09-10 08:32:07', '2021-09-10 08:32:07'),
(110, 1, 14, '2.25', '2021-09-10 08:32:07', '2021-09-10 08:32:07'),
(111, 1, 15, '2.25', '2021-09-10 08:32:07', '2021-09-10 08:32:07'),
(112, 1, 16, '5', '2021-09-10 08:32:07', '2021-09-10 08:32:07');

-- --------------------------------------------------------

--
-- Table structure for table `nilai_kuisioner`
--

CREATE TABLE `nilai_kuisioner` (
  `id` bigint(11) NOT NULL,
  `id_responden_kuisioner` int(11) NOT NULL,
  `id_kriteria` int(11) UNSIGNED NOT NULL,
  `nilai` int(1) NOT NULL,
  `created_at` timestamp NOT NULL DEFAULT CURRENT_TIMESTAMP,
  `updated_at` timestamp NOT NULL DEFAULT CURRENT_TIMESTAMP ON UPDATE CURRENT_TIMESTAMP
) ENGINE=InnoDB DEFAULT CHARSET=latin1;

--
-- Dumping data for table `nilai_kuisioner`
--

INSERT INTO `nilai_kuisioner` (`id`, `id_responden_kuisioner`, `id_kriteria`, `nilai`, `created_at`, `updated_at`) VALUES
(17, 2, 1, 4, '2021-09-10 08:38:25', '2021-09-10 08:38:25'),
(18, 2, 2, 4, '2021-09-10 08:38:25', '2021-09-10 08:38:25'),
(19, 2, 3, 5, '2021-09-10 08:38:25', '2021-09-10 08:38:25'),
(20, 2, 4, 5, '2021-09-10 08:38:25', '2021-09-10 08:38:25'),
(21, 2, 5, 5, '2021-09-10 08:38:25', '2021-09-10 08:38:25'),
(22, 2, 6, 5, '2021-09-10 08:38:25', '2021-09-10 08:38:25'),
(23, 2, 7, 5, '2021-09-10 08:38:25', '2021-09-10 08:38:25'),
(24, 2, 8, 5, '2021-09-10 08:38:25', '2021-09-10 08:38:25'),
(25, 2, 9, 5, '2021-09-10 08:38:25', '2021-09-10 08:38:25'),
(26, 2, 10, 5, '2021-09-10 08:38:25', '2021-09-10 08:38:25'),
(27, 2, 11, 5, '2021-09-10 08:38:25', '2021-09-10 08:38:25'),
(28, 2, 12, 4, '2021-09-10 08:38:25', '2021-09-10 08:38:25'),
(29, 2, 13, 5, '2021-09-10 08:38:25', '2021-09-10 08:38:25'),
(30, 2, 14, 4, '2021-09-10 08:38:25', '2021-09-10 08:38:25'),
(31, 2, 15, 5, '2021-09-10 08:38:25', '2021-09-10 08:38:25'),
(32, 2, 16, 4, '2021-09-10 08:38:25', '2021-09-10 08:38:25'),
(33, 3, 1, 4, '2021-09-10 08:42:20', '2021-09-10 08:42:20'),
(34, 3, 2, 3, '2021-09-10 08:42:20', '2021-09-10 08:42:20'),
(35, 3, 3, 4, '2021-09-10 08:42:20', '2021-09-10 08:42:20'),
(36, 3, 4, 4, '2021-09-10 08:42:20', '2021-09-10 08:42:20'),
(37, 3, 5, 3, '2021-09-10 08:42:20', '2021-09-10 08:42:20'),
(38, 3, 6, 3, '2021-09-10 08:42:20', '2021-09-10 08:42:20'),
(39, 3, 7, 3, '2021-09-10 08:42:20', '2021-09-10 08:42:20'),
(40, 3, 8, 3, '2021-09-10 08:42:20', '2021-09-10 08:42:20'),
(41, 3, 9, 3, '2021-09-10 08:42:20', '2021-09-10 08:42:20'),
(42, 3, 10, 3, '2021-09-10 08:42:20', '2021-09-10 08:42:20'),
(43, 3, 11, 3, '2021-09-10 08:42:20', '2021-09-10 08:42:20'),
(44, 3, 12, 4, '2021-09-10 08:42:20', '2021-09-10 08:42:20'),
(45, 3, 13, 3, '2021-09-10 08:42:20', '2021-09-10 08:42:20'),
(46, 3, 14, 3, '2021-09-10 08:42:20', '2021-09-10 08:42:20'),
(47, 3, 15, 3, '2021-09-10 08:42:20', '2021-09-10 08:42:20'),
(48, 3, 16, 3, '2021-09-10 08:42:20', '2021-09-10 08:42:20'),
(49, 4, 1, 5, '2021-09-10 08:45:37', '2021-09-10 08:45:37'),
(50, 4, 2, 5, '2021-09-10 08:45:37', '2021-09-10 08:45:37'),
(51, 4, 3, 4, '2021-09-10 08:45:37', '2021-09-10 08:45:37'),
(52, 4, 4, 4, '2021-09-10 08:45:37', '2021-09-10 08:45:37'),
(53, 4, 5, 5, '2021-09-10 08:45:37', '2021-09-10 08:45:37'),
(54, 4, 6, 4, '2021-09-10 08:45:37', '2021-09-10 08:45:37'),
(55, 4, 7, 4, '2021-09-10 08:45:37', '2021-09-10 08:45:37'),
(56, 4, 8, 5, '2021-09-10 08:45:37', '2021-09-10 08:45:37'),
(57, 4, 9, 5, '2021-09-10 08:45:37', '2021-09-10 08:45:37'),
(58, 4, 10, 5, '2021-09-10 08:45:37', '2021-09-10 08:45:37'),
(59, 4, 11, 4, '2021-09-10 08:45:37', '2021-09-10 08:45:37'),
(60, 4, 12, 4, '2021-09-10 08:45:37', '2021-09-10 08:45:37'),
(61, 4, 13, 5, '2021-09-10 08:45:37', '2021-09-10 08:45:37'),
(62, 4, 14, 5, '2021-09-10 08:45:37', '2021-09-10 08:45:37'),
(63, 4, 15, 5, '2021-09-10 08:45:37', '2021-09-10 08:45:37'),
(64, 4, 16, 5, '2021-09-10 08:45:37', '2021-09-10 08:45:37'),
(65, 5, 1, 3, '2021-09-10 08:48:46', '2021-09-10 08:48:46'),
(66, 5, 2, 3, '2021-09-10 08:48:46', '2021-09-10 08:48:46'),
(67, 5, 3, 2, '2021-09-10 08:48:46', '2021-09-10 08:48:46'),
(68, 5, 4, 2, '2021-09-10 08:48:46', '2021-09-10 08:48:46'),
(69, 5, 5, 3, '2021-09-10 08:48:46', '2021-09-10 08:48:46'),
(70, 5, 6, 2, '2021-09-10 08:48:46', '2021-09-10 08:48:46'),
(71, 5, 7, 2, '2021-09-10 08:48:46', '2021-09-10 08:48:46'),
(72, 5, 8, 3, '2021-09-10 08:48:46', '2021-09-10 08:48:46'),
(73, 5, 9, 3, '2021-09-10 08:48:46', '2021-09-10 08:48:46'),
(74, 5, 10, 3, '2021-09-10 08:48:46', '2021-09-10 08:48:46'),
(75, 5, 11, 3, '2021-09-10 08:48:46', '2021-09-10 08:48:46'),
(76, 5, 12, 3, '2021-09-10 08:48:46', '2021-09-10 08:48:46'),
(77, 5, 13, 3, '2021-09-10 08:48:46', '2021-09-10 08:48:46'),
(78, 5, 14, 3, '2021-09-10 08:48:46', '2021-09-10 08:48:46'),
(79, 5, 15, 4, '2021-09-10 08:48:46', '2021-09-10 08:48:46'),
(80, 5, 16, 3, '2021-09-10 08:48:46', '2021-09-10 08:48:46'),
(81, 6, 1, 3, '2021-09-10 08:57:13', '2021-09-10 08:57:13'),
(82, 6, 2, 3, '2021-09-10 08:57:13', '2021-09-10 08:57:13'),
(83, 6, 3, 3, '2021-09-10 08:57:13', '2021-09-10 08:57:13'),
(84, 6, 4, 3, '2021-09-10 08:57:13', '2021-09-10 08:57:13'),
(85, 6, 5, 4, '2021-09-10 08:57:13', '2021-09-10 08:57:13'),
(86, 6, 6, 4, '2021-09-10 08:57:13', '2021-09-10 08:57:13'),
(87, 6, 7, 3, '2021-09-10 08:57:13', '2021-09-10 08:57:13'),
(88, 6, 8, 3, '2021-09-10 08:57:13', '2021-09-10 08:57:13'),
(89, 6, 9, 3, '2021-09-10 08:57:13', '2021-09-10 08:57:13'),
(90, 6, 10, 3, '2021-09-10 08:57:13', '2021-09-10 08:57:13'),
(91, 6, 11, 3, '2021-09-10 08:57:13', '2021-09-10 08:57:13'),
(92, 6, 12, 3, '2021-09-10 08:57:13', '2021-09-10 08:57:13'),
(93, 6, 13, 4, '2021-09-10 08:57:13', '2021-09-12 08:56:29'),
(94, 6, 14, 3, '2021-09-10 08:57:13', '2021-09-12 08:56:33'),
(95, 6, 15, 3, '2021-09-10 08:57:13', '2021-09-10 08:57:13'),
(96, 6, 16, 3, '2021-09-10 08:57:13', '2021-09-10 08:57:13'),
(97, 7, 1, 3, '2021-09-10 09:00:49', '2021-09-10 09:00:49'),
(98, 7, 2, 4, '2021-09-10 09:00:49', '2021-09-10 09:00:49'),
(99, 7, 3, 3, '2021-09-10 09:00:49', '2021-09-10 09:00:49'),
(100, 7, 4, 3, '2021-09-10 09:00:49', '2021-09-10 09:00:49'),
(101, 7, 5, 5, '2021-09-10 09:00:49', '2021-09-10 09:00:49'),
(102, 7, 6, 5, '2021-09-10 09:00:49', '2021-09-10 09:00:49'),
(103, 7, 7, 3, '2021-09-10 09:00:49', '2021-09-10 09:00:49'),
(104, 7, 8, 4, '2021-09-10 09:00:49', '2021-09-10 09:00:49'),
(105, 7, 9, 5, '2021-09-10 09:00:49', '2021-09-10 09:00:49'),
(106, 7, 10, 4, '2021-09-10 09:00:49', '2021-09-10 09:00:49'),
(107, 7, 11, 4, '2021-09-10 09:00:49', '2021-09-10 09:00:49'),
(108, 7, 12, 4, '2021-09-10 09:00:49', '2021-09-10 09:00:49'),
(109, 7, 13, 4, '2021-09-10 09:00:49', '2021-09-10 09:00:49'),
(110, 7, 14, 4, '2021-09-10 09:00:49', '2021-09-10 09:00:49'),
(111, 7, 15, 5, '2021-09-10 09:00:49', '2021-09-10 09:00:49'),
(112, 7, 16, 4, '2021-09-10 09:00:49', '2021-09-10 09:00:49'),
(113, 8, 1, 2, '2021-09-10 09:04:25', '2021-09-10 09:04:25'),
(114, 8, 2, 2, '2021-09-10 09:04:25', '2021-09-10 09:04:25'),
(115, 8, 3, 2, '2021-09-10 09:04:25', '2021-09-10 09:04:25'),
(116, 8, 4, 2, '2021-09-10 09:04:25', '2021-09-10 09:04:25'),
(117, 8, 5, 3, '2021-09-10 09:04:25', '2021-09-10 09:04:25'),
(118, 8, 6, 2, '2021-09-10 09:04:25', '2021-09-10 09:04:25'),
(119, 8, 7, 2, '2021-09-10 09:04:25', '2021-09-10 09:04:25'),
(120, 8, 8, 3, '2021-09-10 09:04:25', '2021-09-10 09:04:25'),
(121, 8, 9, 3, '2021-09-10 09:04:25', '2021-09-10 09:04:25'),
(122, 8, 10, 4, '2021-09-10 09:04:25', '2021-09-10 09:04:25'),
(123, 8, 11, 3, '2021-09-10 09:04:25', '2021-09-10 09:04:25'),
(124, 8, 12, 4, '2021-09-10 09:04:25', '2021-09-10 09:04:25'),
(125, 8, 13, 4, '2021-09-10 09:04:25', '2021-09-10 09:04:25'),
(126, 8, 14, 4, '2021-09-10 09:04:25', '2021-09-10 09:04:25'),
(127, 8, 15, 4, '2021-09-10 09:04:25', '2021-09-10 09:04:25'),
(128, 8, 16, 2, '2021-09-10 09:04:25', '2021-09-10 09:04:25'),
(129, 9, 1, 4, '2021-09-10 09:12:32', '2021-09-10 09:12:32'),
(130, 9, 2, 3, '2021-09-10 09:12:32', '2021-09-10 09:12:32'),
(131, 9, 3, 4, '2021-09-10 09:12:32', '2021-09-10 09:12:32'),
(132, 9, 4, 3, '2021-09-10 09:12:32', '2021-09-10 09:12:32'),
(133, 9, 5, 3, '2021-09-10 09:12:32', '2021-09-10 09:12:32'),
(134, 9, 6, 4, '2021-09-10 09:12:32', '2021-09-12 08:50:10'),
(135, 9, 7, 3, '2021-09-10 09:12:32', '2021-09-12 08:50:14'),
(136, 9, 8, 3, '2021-09-10 09:12:32', '2021-09-10 09:12:32'),
(137, 9, 9, 3, '2021-09-10 09:12:32', '2021-09-10 09:12:32'),
(138, 9, 10, 3, '2021-09-10 09:12:32', '2021-09-10 09:12:32'),
(139, 9, 11, 4, '2021-09-10 09:12:32', '2021-09-10 09:12:32'),
(140, 9, 12, 4, '2021-09-10 09:12:32', '2021-09-10 09:12:32'),
(141, 9, 13, 3, '2021-09-10 09:12:32', '2021-09-10 09:12:32'),
(142, 9, 14, 4, '2021-09-10 09:12:32', '2021-09-10 09:12:32'),
(143, 9, 15, 4, '2021-09-10 09:12:32', '2021-09-10 09:12:32'),
(144, 9, 16, 3, '2021-09-10 09:12:32', '2021-09-10 09:12:32'),
(145, 10, 1, 3, '2021-09-10 09:16:44', '2021-09-10 09:16:44'),
(146, 10, 2, 3, '2021-09-10 09:16:44', '2021-09-10 09:16:44'),
(147, 10, 3, 2, '2021-09-10 09:16:44', '2021-09-10 09:16:44'),
(148, 10, 4, 2, '2021-09-10 09:16:44', '2021-09-10 09:16:44'),
(149, 10, 5, 3, '2021-09-10 09:16:44', '2021-09-10 09:16:44'),
(150, 10, 6, 2, '2021-09-10 09:16:44', '2021-09-10 09:16:44'),
(151, 10, 7, 2, '2021-09-10 09:16:44', '2021-09-10 09:16:44'),
(152, 10, 8, 3, '2021-09-10 09:16:44', '2021-09-10 16:58:32'),
(153, 10, 9, 3, '2021-09-10 09:16:44', '2021-09-10 09:16:44'),
(154, 10, 10, 2, '2021-09-10 09:16:44', '2021-09-10 09:16:44'),
(155, 10, 11, 3, '2021-09-10 09:16:44', '2021-09-10 09:16:44'),
(156, 10, 12, 2, '2021-09-10 09:16:44', '2021-09-10 09:16:44'),
(157, 10, 13, 3, '2021-09-10 09:16:44', '2021-09-10 09:16:44'),
(158, 10, 14, 4, '2021-09-10 09:16:44', '2021-09-10 09:16:44'),
(159, 10, 15, 3, '2021-09-10 09:16:44', '2021-09-10 09:16:44'),
(160, 10, 16, 3, '2021-09-10 09:16:44', '2021-09-10 09:16:44'),
(161, 11, 1, 4, '2021-09-10 09:19:24', '2021-09-10 09:19:24'),
(162, 11, 2, 4, '2021-09-10 09:19:24', '2021-09-10 09:19:24'),
(163, 11, 3, 4, '2021-09-10 09:19:24', '2021-09-10 09:19:24'),
(164, 11, 4, 4, '2021-09-10 09:19:24', '2021-09-10 09:19:24'),
(165, 11, 5, 4, '2021-09-10 09:19:24', '2021-09-10 09:19:24'),
(166, 11, 6, 4, '2021-09-10 09:19:24', '2021-09-10 09:19:24'),
(167, 11, 7, 4, '2021-09-10 09:19:24', '2021-09-10 09:19:24'),
(168, 11, 8, 4, '2021-09-10 09:19:24', '2021-09-10 09:19:24'),
(169, 11, 9, 4, '2021-09-10 09:19:24', '2021-09-10 09:19:24'),
(170, 11, 10, 4, '2021-09-10 09:19:24', '2021-09-10 09:19:24'),
(171, 11, 11, 4, '2021-09-10 09:19:24', '2021-09-10 09:19:24'),
(172, 11, 12, 4, '2021-09-10 09:19:24', '2021-09-10 09:19:24'),
(173, 11, 13, 5, '2021-09-10 09:19:24', '2021-09-10 09:19:24'),
(174, 11, 14, 5, '2021-09-10 09:19:24', '2021-09-10 09:19:24'),
(175, 11, 15, 4, '2021-09-10 09:19:24', '2021-09-10 09:19:24'),
(176, 11, 16, 4, '2021-09-10 09:19:24', '2021-09-10 09:19:24'),
(177, 12, 1, 4, '2021-09-10 09:31:43', '2021-09-10 09:31:43'),
(178, 12, 2, 4, '2021-09-10 09:31:43', '2021-09-10 09:31:43'),
(179, 12, 3, 4, '2021-09-10 09:31:43', '2021-09-10 09:31:43'),
(180, 12, 4, 4, '2021-09-10 09:31:43', '2021-09-10 09:31:43'),
(181, 12, 5, 4, '2021-09-10 09:31:43', '2021-09-10 09:31:43'),
(182, 12, 6, 4, '2021-09-10 09:31:43', '2021-09-10 09:31:43'),
(183, 12, 7, 4, '2021-09-10 09:31:43', '2021-09-10 09:31:43'),
(184, 12, 8, 4, '2021-09-10 09:31:43', '2021-09-10 09:31:43'),
(185, 12, 9, 4, '2021-09-10 09:31:43', '2021-09-10 09:31:43'),
(186, 12, 10, 4, '2021-09-10 09:31:43', '2021-09-10 09:31:43'),
(187, 12, 11, 3, '2021-09-10 09:31:43', '2021-09-10 09:31:43'),
(188, 12, 12, 4, '2021-09-10 09:31:43', '2021-09-10 09:31:43'),
(189, 12, 13, 4, '2021-09-10 09:31:43', '2021-09-10 09:31:43'),
(190, 12, 14, 4, '2021-09-10 09:31:43', '2021-09-10 09:31:43'),
(191, 12, 15, 4, '2021-09-10 09:31:43', '2021-09-10 09:31:43'),
(192, 12, 16, 4, '2021-09-10 09:31:43', '2021-09-10 09:31:43'),
(193, 13, 1, 2, '2021-09-10 09:34:57', '2021-09-10 09:34:57'),
(194, 13, 2, 2, '2021-09-10 09:34:57', '2021-09-10 09:34:57'),
(195, 13, 3, 2, '2021-09-10 09:34:57', '2021-09-10 09:34:57'),
(196, 13, 4, 2, '2021-09-10 09:34:57', '2021-09-10 09:34:57'),
(197, 13, 5, 4, '2021-09-10 09:34:57', '2021-09-10 09:34:57'),
(198, 13, 6, 3, '2021-09-10 09:34:57', '2021-09-10 09:34:57'),
(199, 13, 7, 2, '2021-09-10 09:34:57', '2021-09-10 09:34:57'),
(200, 13, 8, 3, '2021-09-10 09:34:57', '2021-09-10 09:34:57'),
(201, 13, 9, 2, '2021-09-10 09:34:57', '2021-09-10 09:34:57'),
(202, 13, 10, 2, '2021-09-10 09:34:57', '2021-09-10 09:34:57'),
(203, 13, 11, 3, '2021-09-10 09:34:57', '2021-09-10 09:34:57'),
(204, 13, 12, 3, '2021-09-10 09:34:57', '2021-09-10 09:34:57'),
(205, 13, 13, 3, '2021-09-10 09:34:57', '2021-09-10 09:34:57'),
(206, 13, 14, 3, '2021-09-10 09:34:57', '2021-09-10 09:34:57'),
(207, 13, 15, 3, '2021-09-10 09:34:57', '2021-09-10 09:34:57'),
(208, 13, 16, 3, '2021-09-10 09:34:57', '2021-09-10 09:34:57');

-- --------------------------------------------------------

--
-- Table structure for table `nilai_pilihan`
--

CREATE TABLE `nilai_pilihan` (
  `id` int(11) NOT NULL,
  `nama_pilihan` varchar(25) NOT NULL,
  `nilai` int(10) UNSIGNED NOT NULL,
  `created_at` timestamp NOT NULL DEFAULT CURRENT_TIMESTAMP,
  `updated_at` timestamp NOT NULL DEFAULT CURRENT_TIMESTAMP ON UPDATE CURRENT_TIMESTAMP
) ENGINE=InnoDB DEFAULT CHARSET=latin1;

--
-- Dumping data for table `nilai_pilihan`
--

INSERT INTO `nilai_pilihan` (`id`, `nama_pilihan`, `nilai`, `created_at`, `updated_at`) VALUES
(1, 'Sangat Buruk', 1, '2021-09-09 11:18:00', '2021-09-09 11:18:00'),
(2, 'Buruk', 2, '2021-09-09 11:18:08', '2021-09-09 11:18:08'),
(3, 'Cukup Baik', 3, '2021-09-09 11:18:19', '2021-09-09 11:18:19'),
(4, 'Baik', 4, '2021-09-09 11:18:27', '2021-09-09 11:18:27'),
(5, 'Sangat Baik', 5, '2021-09-09 11:18:37', '2021-09-09 11:18:37');

-- --------------------------------------------------------

--
-- Table structure for table `password_resets`
--

CREATE TABLE `password_resets` (
  `email` varchar(255) COLLATE utf8mb4_unicode_ci NOT NULL,
  `token` varchar(255) COLLATE utf8mb4_unicode_ci NOT NULL,
  `created_at` timestamp NULL DEFAULT NULL
) ENGINE=InnoDB DEFAULT CHARSET=utf8mb4 COLLATE=utf8mb4_unicode_ci;

-- --------------------------------------------------------

--
-- Table structure for table `responden_kriteria`
--

CREATE TABLE `responden_kriteria` (
  `id` int(10) UNSIGNED NOT NULL,
  `label` varchar(3) NOT NULL,
  `nama_responden` varchar(50) NOT NULL,
  `created_at` timestamp NOT NULL DEFAULT CURRENT_TIMESTAMP,
  `updated_at` timestamp NOT NULL DEFAULT CURRENT_TIMESTAMP ON UPDATE CURRENT_TIMESTAMP
) ENGINE=InnoDB DEFAULT CHARSET=latin1;

--
-- Dumping data for table `responden_kriteria`
--

INSERT INTO `responden_kriteria` (`id`, `label`, `nama_responden`, `created_at`, `updated_at`) VALUES
(1, 'A1', 'AMBARA', '2021-09-10 00:32:07', '2021-09-10 08:32:23'),
(2, 'A2', 'Hasyim Asyari, S.IP.,M.H', '2021-09-08 19:09:37', '2021-09-09 08:19:40'),
(3, 'A3', 'Muhammad Fauzy Zulkarnaen, ST.M.Eng', '2021-09-08 19:10:22', '2021-09-09 08:19:54'),
(4, 'A4', 'Edy Hariyanto, ST.M.Eng', '2021-09-08 19:11:33', '2021-09-09 08:20:15'),
(5, 'A5', 'Saeful Hamdi, S.Kom,.M.Kom', '2021-09-08 19:12:55', '2021-09-09 08:21:06'),
(6, 'A6', 'Ir. H.Ambara ', '2021-09-08 19:13:26', '2021-09-09 08:21:20');

-- --------------------------------------------------------

--
-- Table structure for table `responden_kuisioner`
--

CREATE TABLE `responden_kuisioner` (
  `id` int(11) NOT NULL,
  `nim` varchar(10) NOT NULL,
  `kode_mk` varchar(20) NOT NULL,
  `nidn` varchar(25) NOT NULL,
  `komentar` text NOT NULL,
  `created_at` timestamp NOT NULL DEFAULT CURRENT_TIMESTAMP,
  `updated_at` timestamp NOT NULL DEFAULT CURRENT_TIMESTAMP ON UPDATE CURRENT_TIMESTAMP
) ENGINE=InnoDB DEFAULT CHARSET=latin1;

--
-- Dumping data for table `responden_kuisioner`
--

INSERT INTO `responden_kuisioner` (`id`, `nim`, `kode_mk`, `nidn`, `komentar`, `created_at`, `updated_at`) VALUES
(2, 'SI16190004', 'IS14506', '0831129101', 'Sangat baik', '2021-09-10 00:38:25', '2021-09-10 00:38:25'),
(3, 'TI16190024', 'IT14407', '0831129101', 'sangat bagus', '2021-09-10 00:42:20', '2021-09-10 00:42:20'),
(4, 'TI16190022', 'IT14607', '0831129101', 'sangat bagus', '2021-09-10 00:45:37', '2021-09-10 00:45:37'),
(5, 'TI15180001', 'IT14407', '0831129101', 'Baik', '2021-09-10 00:48:46', '2021-09-13 01:08:09'),
(6, 'SI14170010', 'IS19206', '0812038502', 'sangat baik', '2021-09-10 00:57:13', '2021-09-10 00:57:13'),
(7, 'SI14170008', 'IS14201', '0812038502', 'sangat memuaskan', '2021-09-10 01:00:49', '2021-09-10 01:00:49'),
(8, 'SI12150013', 'IS14602', '0819028402', 'sangat baik', '2021-09-10 01:04:25', '2021-09-10 01:04:25'),
(9, 'TI12150026', 'IT14604', 'STMIKL-17-009', 'lumayan baik', '2021-09-10 01:12:32', '2021-09-10 01:12:32'),
(10, 'SI14170008', 'IS19204', 'STMIKL-17-001', 'baik', '2021-09-10 01:16:44', '2021-09-10 01:16:44'),
(11, 'SI14170010', 'IS14303', '0813108602', 'sangat baik', '2021-09-10 01:19:24', '2021-09-10 01:19:24'),
(12, 'SI14170004', 'IT14210', '0827036202', 'sangat baik', '2021-09-10 01:31:43', '2021-09-10 01:31:43'),
(13, 'SI16190004', 'IS19203', '9908419990', 'lumayan baik', '2021-09-10 01:34:57', '2021-09-10 01:34:57');

-- --------------------------------------------------------

--
-- Table structure for table `role`
--

CREATE TABLE `role` (
  `id` bigint(20) UNSIGNED NOT NULL,
  `role` varchar(255) COLLATE utf8mb4_unicode_ci NOT NULL,
  `created_at` timestamp NULL DEFAULT NULL,
  `updated_at` timestamp NULL DEFAULT NULL
) ENGINE=InnoDB DEFAULT CHARSET=utf8mb4 COLLATE=utf8mb4_unicode_ci;

--
-- Dumping data for table `role`
--

INSERT INTO `role` (`id`, `role`, `created_at`, `updated_at`) VALUES
(1, 'Admin', NULL, NULL),
(2, 'Mahasiswa', NULL, NULL),
(3, 'Super Admin', '2021-09-07 23:47:20', '2021-09-07 23:47:20');

-- --------------------------------------------------------

--
-- Table structure for table `semester`
--

CREATE TABLE `semester` (
  `id` int(11) NOT NULL,
  `semester` varchar(5) NOT NULL,
  `nama_semester` varchar(30) NOT NULL,
  `created_at` timestamp NOT NULL DEFAULT CURRENT_TIMESTAMP,
  `updated_at` timestamp NOT NULL DEFAULT CURRENT_TIMESTAMP ON UPDATE CURRENT_TIMESTAMP
) ENGINE=InnoDB DEFAULT CHARSET=latin1;

--
-- Dumping data for table `semester`
--

INSERT INTO `semester` (`id`, `semester`, `nama_semester`, `created_at`, `updated_at`) VALUES
(1, '20192', '2019/2020 Genap', '2021-09-07 19:03:22', '2021-09-07 11:04:22');

-- --------------------------------------------------------

--
-- Table structure for table `setting`
--

CREATE TABLE `setting` (
  `id` int(11) NOT NULL,
  `nama_aplikasi` varchar(100) NOT NULL,
  `link_api` varchar(255) NOT NULL,
  `created_at` timestamp NOT NULL DEFAULT CURRENT_TIMESTAMP,
  `updated_at` timestamp NOT NULL DEFAULT CURRENT_TIMESTAMP ON UPDATE CURRENT_TIMESTAMP
) ENGINE=InnoDB DEFAULT CHARSET=latin1;

--
-- Dumping data for table `setting`
--

INSERT INTO `setting` (`id`, `nama_aplikasi`, `link_api`, `created_at`, `updated_at`) VALUES
(1, 'APLIKASI PENILAIAN KINERJA DOSEN STMIK LOMBOK 2021', 'http://localhost:8000/', '2021-09-07 07:10:13', '2021-09-09 22:44:17');

-- --------------------------------------------------------

--
-- Table structure for table `submenu`
--

CREATE TABLE `submenu` (
  `id` bigint(20) UNSIGNED NOT NULL,
  `title` varchar(128) COLLATE utf8mb4_unicode_ci NOT NULL,
  `link` varchar(50) COLLATE utf8mb4_unicode_ci NOT NULL,
  `aktif` enum('1','0') COLLATE utf8mb4_unicode_ci NOT NULL DEFAULT '1',
  `urutan` int(11) NOT NULL,
  `menu_id` bigint(20) UNSIGNED NOT NULL,
  `created_at` timestamp NULL DEFAULT NULL,
  `updated_at` timestamp NULL DEFAULT NULL
) ENGINE=InnoDB DEFAULT CHARSET=utf8mb4 COLLATE=utf8mb4_unicode_ci;

--
-- Dumping data for table `submenu`
--

INSERT INTO `submenu` (`id`, `title`, `link`, `aktif`, `urutan`, `menu_id`, `created_at`, `updated_at`) VALUES
(1, 'Master Role', 'admin/role', '1', 1, 2, NULL, '2021-05-25 23:40:57'),
(2, 'Master Menu', 'admin/menu', '1', 2, 2, NULL, '2021-05-25 23:41:04'),
(3, 'Master Akses', 'admin/akses', '1', 3, 2, NULL, '2021-05-25 23:41:12'),
(4, 'Master User', 'admin/user', '1', 4, 2, NULL, '2021-05-25 23:41:18'),
(10, 'Data Dosen Aktif', 'admin/data/dosen', '1', 1, 6, '2021-08-01 18:19:24', '2021-09-07 05:13:25'),
(11, 'Data Mahasiswa Aktif', 'admin/data/mahasiswa', '1', 2, 6, '2021-08-04 04:43:05', '2021-09-07 05:13:32'),
(12, 'Data Mata Kuliah', 'admin/data/matkul', '1', 3, 6, '2021-08-04 04:56:59', '2021-09-07 05:13:02'),
(15, 'Data Perkuliahan', 'admin/data/perkuliahan', '1', 4, 6, '2021-09-07 05:13:59', '2021-09-07 05:13:59'),
(16, 'Data Kriteria', 'admin/spk/kriteria', '1', 1, 8, '2021-09-07 10:55:11', '2021-09-07 10:55:11'),
(17, 'Data Nilai Kriteria', 'admin/spk/nilaikriteria', '1', 2, 8, '2021-09-07 10:55:40', '2021-09-07 10:55:40'),
(18, 'Perhitungan ARAS', 'admin/spk/aras', '1', 5, 8, '2021-09-07 10:56:10', '2021-09-10 02:53:57'),
(19, 'Data Nilai Pilihan', 'admin/spk/nilai', '1', 3, 8, '2021-09-09 03:05:53', '2021-09-09 03:05:57'),
(20, 'Data Kuisioner', 'admin/spk/kuisioner', '1', 4, 8, '2021-09-09 23:06:28', '2021-09-10 02:53:57');

-- --------------------------------------------------------

--
-- Table structure for table `user`
--

CREATE TABLE `user` (
  `id` bigint(20) UNSIGNED NOT NULL,
  `username` varchar(50) COLLATE utf8mb4_unicode_ci NOT NULL,
  `password` varchar(255) COLLATE utf8mb4_unicode_ci NOT NULL,
  `deleted` enum('1','0') COLLATE utf8mb4_unicode_ci NOT NULL DEFAULT '0',
  `aktif` enum('1','0') COLLATE utf8mb4_unicode_ci NOT NULL DEFAULT '1',
  `role_id` bigint(20) UNSIGNED NOT NULL,
  `remember_token` varchar(100) COLLATE utf8mb4_unicode_ci DEFAULT NULL,
  `created_at` timestamp NULL DEFAULT NULL,
  `updated_at` timestamp NULL DEFAULT NULL
) ENGINE=InnoDB DEFAULT CHARSET=utf8mb4 COLLATE=utf8mb4_unicode_ci;

--
-- Dumping data for table `user`
--

INSERT INTO `user` (`id`, `username`, `password`, `deleted`, `aktif`, `role_id`, `remember_token`, `created_at`, `updated_at`) VALUES
(1, 'admin', '$2y$10$UVPFcrLrqcv5L8/H8kG7AuvEmsstncdheJCMDK.wbHhXqJ2njf6aK', '0', '1', 1, NULL, NULL, '2021-05-27 00:15:19'),
(2215, 'SI12150013', '$2y$10$gtRw512MDVcx/U4AjbJKauUN54ULQ8EV/KgAJmhR1tWGHUla9piz.', '0', '1', 2, NULL, NULL, NULL),
(2216, 'SI13160001', '$2y$10$5nQ672Csqya.uP8/pybfZubMIkauRUMbjfqzRLj2famPyUXaOpc6q', '0', '1', 2, NULL, NULL, NULL),
(2217, 'SI13160003', '$2y$10$6zF09Sl54j.1tGczYw59Bu/WROlRLRXbDUq4kmnLKtjh6fHXetMs6', '0', '1', 2, NULL, NULL, NULL),
(2218, 'SI13160004', '$2y$10$5J54SPH3aQJZU21g8ewY7eF9ytL2iGwpJB1wFw1cMZzgsl1AtzYfW', '0', '1', 2, NULL, NULL, NULL),
(2219, 'SI13160008', '$2y$10$BNxjenpQV2wmgOmo8TFg1.tVG8ERlzuL3rohH9bD0sur4WyZu5Use', '0', '1', 2, NULL, NULL, NULL),
(2220, 'SI14170003', '$2y$10$W7.0xbHvSwPHzGgl7WEKm.AdkLVJhM7.jjgyV6FRMh2vE.kWgoGMm', '0', '1', 2, NULL, NULL, NULL),
(2221, 'SI14170004', '$2y$10$ISOIj.oNoaHyrHS6Ivy9Ae2IuW7.TyDv5ZVOGj1zTT6IQWW.7R1wW', '0', '1', 2, NULL, NULL, NULL),
(2222, 'SI14170007', '$2y$10$wLaTGl.UmtHYy1dEmjA8a.LKeMm2IydK4J9B9rlgRnDbf5b5igVIi', '0', '1', 2, NULL, NULL, NULL),
(2223, 'SI14170008', '$2y$10$TZQUTZvCa.u9U6QtSzwfbOvVIvtRYjsvpPujGAzeF2Vp95PU3l8Xy', '0', '1', 2, NULL, NULL, NULL),
(2224, 'SI14170009', '$2y$10$HxPbodqIKmLOPLrc2bEebeuMS6oX8eFMHfdlHnYLhI9FjPmYy1Cb.', '0', '1', 2, NULL, NULL, NULL),
(2225, 'SI14170010', '$2y$10$vbXlDK2HnD1N69srz3fJceUlHRD0BV5tdAjM1Afypzx5pk.8fazlO', '0', '1', 2, NULL, NULL, NULL),
(2226, 'SI14170012', '$2y$10$96QogvstlpKWcCIqgqEjB./PT2G7Ga7sbYg9GYs7ZEV5WxcjH5gJO', '0', '1', 2, NULL, NULL, NULL),
(2227, 'SI14170013', '$2y$10$QkvDk18KI2ie9zk7/XNRSOkOfQjakkmcg0q1IRAuhbHwm2TMeFN0m', '0', '1', 2, NULL, NULL, NULL),
(2228, 'SI15180002', '$2y$10$.0Dp.1KaWz4cYXBW.DoPeOLIHaVOJBIHh9nIh0xr7VqJIIpEqyfrW', '0', '1', 2, NULL, NULL, NULL),
(2229, 'SI15180004', '$2y$10$.H7IL4IICQuJYD1AL8qXuOc.PHSghxwMmWCucXtXnVytW8SbsyVKm', '0', '1', 2, NULL, NULL, NULL),
(2230, 'SI15180005', '$2y$10$w60PNPV7pcBanujOSm7kh.yTSdVyz9tujrgXY5coSwFN/fTtN1yVa', '0', '1', 2, NULL, NULL, NULL),
(2231, 'SI15180007', '$2y$10$33XjCO0I3VoEXB5xNUCxE.XBLe/O.q0e.QgpUTBzRr.3ek5u7jy.e', '0', '1', 2, NULL, NULL, NULL),
(2232, 'SI16190001', '$2y$10$wXpguv/eaWms7hEWUydsOOmEOhdnkUeXro7Kx0L6kb97v4BUAccne', '0', '1', 2, NULL, NULL, NULL),
(2233, 'SI16190002', '$2y$10$pmzZXicNzyvoKtU4zuWzCexg23G1ymT279kbASQnmcctMzv4fmL6.', '0', '1', 2, NULL, NULL, NULL),
(2234, 'SI16190004', '$2y$10$w4Yjee453hhrETew2osxseQzcQtBW8HIQIn/rAitNcJ2KgKp8SGk2', '0', '1', 2, NULL, NULL, NULL),
(2235, 'SI16190006', '$2y$10$98eNXCFwM3/J6l8HOg8TjO6Wd7rBAlY2KbvO8p.2VmPT9Ho3uyyim', '0', '1', 2, NULL, NULL, NULL),
(2236, 'SI16190009', '$2y$10$COcKCMrhTn6SBx/nuECq1eQmijH/x2moCF0rkBLCEhhri2u/KFcU2', '0', '1', 2, NULL, NULL, NULL),
(2237, 'SI16190011', '$2y$10$Q0cB97Qw9Rw6VEqXjxaKoeXa92PA4Yoy6/Hv011XeAoMw/SAk1Y12', '0', '1', 2, NULL, NULL, NULL),
(2238, 'SI16190012', '$2y$10$YVEuETQCkM43K39PYWHeOecM3bF.za6qhXrmYOznp7.HeYsp0X3Pu', '0', '1', 2, NULL, NULL, NULL),
(2239, 'SI16190014', '$2y$10$Ct06oSxG3kJlsrW42AxnY.MCq8t6mNBBjEuSS2R7D91bHfk151RWq', '0', '1', 2, NULL, NULL, NULL),
(2240, 'SI16190016', '$2y$10$G.764opSTsJSvsw/79XGQuRW8TTUtum7HPHICdTBZNtzMcPFq8d1u', '0', '1', 2, NULL, NULL, NULL),
(2241, 'SI16190017', '$2y$10$yO1Lyvgy4ByauMdPHZED8elG5V7ZOi3AjZyj3G69raaq7N2g2HX12', '0', '1', 2, NULL, NULL, NULL),
(2242, 'TI12150026', '$2y$10$tUxAOIgfXNPTDGpGNgZLje4iHT4RPWmBMBNh78kJs4XnTVSsq09nm', '0', '1', 2, NULL, NULL, NULL),
(2243, 'TI13160001', '$2y$10$d119YR0/QdMmxdpbuKB1/u4cKm8hbhmM/l2dco0f1wt5.opshTFgG', '0', '1', 2, NULL, NULL, NULL),
(2244, 'TI13160009', '$2y$10$.2.VCYsPmbESTOZmucDG5uJXlGyYtN.uBelialAvRM/y46cPtff7y', '0', '1', 2, NULL, NULL, NULL),
(2245, 'TI13160014', '$2y$10$mcEicg1Gc4MZZLF3RSzifue2x0yd1ISOoR59SYvQ34wNLSp9wU4jO', '0', '1', 2, NULL, NULL, NULL),
(2246, 'TI14170002', '$2y$10$KeRhkTeIyaIW0Tql3nhZBO23makw4QOdzHGm3JcDN3yETwNm7baHK', '0', '1', 2, NULL, NULL, NULL),
(2247, 'TI14170004', '$2y$10$m3ePvWpYH0yAXpkFXYem8ujxgnRl44ejRkgimcCZpj55KCD5xuuMu', '0', '1', 2, NULL, NULL, NULL),
(2248, 'TI14170005', '$2y$10$VR0OV1wqqfY8QGvdxm8qRefM72H1aIyhR5aNEBIAw5h8tbXFh9Gfi', '0', '1', 2, NULL, NULL, NULL),
(2249, 'TI14170006', '$2y$10$VumTwcQWN/jKrasUp0gx6u/ge5X7bsIFoijiS.GmnAWyUsIaQSrJC', '0', '1', 2, NULL, NULL, NULL),
(2250, 'TI14170007', '$2y$10$6080woYbO76F7yrTE1GCnuFR1c3gPYPZ4HPR68AUMGtpQE1U.Tbl.', '0', '1', 2, NULL, NULL, NULL),
(2251, 'TI14170008', '$2y$10$MSk1yByWfjf6vh64R/2k2eXqTVqv9a1YNShVn.NX1AmF0iOkdi3E6', '0', '1', 2, NULL, NULL, NULL),
(2252, 'TI14170010', '$2y$10$QZo9cdIRsWnb9D/exKoj2OIjt1pd4KuKNZT9/dFMvi9eNLWZrJIO.', '0', '1', 2, NULL, NULL, NULL),
(2253, 'TI14170013', '$2y$10$hH.ZmPrEO0xAiNgUCVVacuUCBuvGB/GoNVMTrI8QjaHPbvRIV2QAO', '0', '1', 2, NULL, NULL, NULL),
(2254, 'TI14170014', '$2y$10$cyR.KO6pfaR5inugPOBc6uopoRzZuyWCS7KqYBfOiOZ3u98CRi6zu', '0', '1', 2, NULL, NULL, NULL),
(2255, 'TI14170015', '$2y$10$UbLRTlmJbOezc8lnuj5ra.yGyv2nQNPaqM6yuuVAeY2J56Wji10A6', '0', '1', 2, NULL, NULL, NULL),
(2256, 'TI14170019', '$2y$10$ssk.k.Sz232zUsTwVEIJ9efZFC0TYY0Cut4jgXcMqt5eASG.NhJVa', '0', '1', 2, NULL, NULL, NULL),
(2257, 'TI14170022', '$2y$10$C0mgPy3HpvplKK4iOjoW/.RE8GWjW5yZH4pcEf2697FsXjpRTI5yu', '0', '1', 2, NULL, NULL, NULL),
(2258, 'TI14170023', '$2y$10$dSx8TSTVyPncjYQL2/AcxO/PqG3ww61JI4ChIspK4bS6QN9xDEZVW', '0', '1', 2, NULL, NULL, NULL),
(2259, 'TI14170024', '$2y$10$JOTC/knwnhtQh1TwN9UCQuva/2f3xp0mu3KRKN2hAJ/tx/wSyBrHa', '0', '1', 2, NULL, NULL, NULL),
(2260, 'TI14170025', '$2y$10$VcerxlsMYO4ms7Q5vWaT7ul8A0hIsg3h8WkrrvkxWsyGLbQzRv6fe', '0', '1', 2, NULL, NULL, NULL),
(2261, 'TI14170026', '$2y$10$1aFnv/cHsnIBoQh9bbJ7FeeCv8cpT2zZTKakiRhXKuOC0fLRyQvle', '0', '1', 2, NULL, NULL, NULL),
(2262, 'TI14170028', '$2y$10$qFAgyTOY2flNymyV38oAT.awbA1JtuyqitAQ.w4yOUssPTTMNtJdO', '0', '1', 2, NULL, NULL, NULL),
(2263, 'TI15180001', '$2y$10$U33TJaOrnW8zu5Ads9eR8u9JWaDStaMpmZWH/Wu41EFm4i0Lr6hem', '0', '1', 2, NULL, NULL, NULL),
(2264, 'TI15180002', '$2y$10$STmcLMyof7GpPeqm62CshetmmzMCkBzawwThhR58WKAEl.AVuqy8q', '0', '1', 2, NULL, NULL, NULL),
(2265, 'TI15180003', '$2y$10$q2mtFE6j1kzydMri.jJo4.GHuyuOTazUpHvahty76uSO.Qu.FX1o2', '0', '1', 2, NULL, NULL, NULL),
(2266, 'TI15180005', '$2y$10$jvzZ6Qgs5Bi1juanNOpzwumbjY4baXLZ2zktmq97xHneoCROgmipe', '0', '1', 2, NULL, NULL, NULL),
(2267, 'TI15180006', '$2y$10$W0ZkwA9IsMKLXcYbPCaBJOxa6QpUwpIceuHlvChhCWaFZXuO.kmjG', '0', '1', 2, NULL, NULL, NULL),
(2268, 'TI15180007', '$2y$10$Kx7f0BcP2.f6tvjBEAn.du2N95R/sxJ2EbcPDCg0L9vSxJc9e1e6y', '0', '1', 2, NULL, NULL, NULL),
(2269, 'TI15180009', '$2y$10$DdLJMn6uKo.Qx4LZj4ixAO0X5HOJZiOf5FbNdlUCd3B6/Gn.d.dWK', '0', '1', 2, NULL, NULL, NULL),
(2270, 'TI15180010', '$2y$10$Jl3dhYrk.9N.6yKKX1nyxuJIu7Ec95usQs8S.s2cgsfs7G2vDzh3y', '0', '1', 2, NULL, NULL, NULL),
(2271, 'TI15180011', '$2y$10$2wXJl0tdA1bKVnNiSexadOT/65t7c0Tb5P7MK9bc.GXknNKe.RjVy', '0', '1', 2, NULL, NULL, NULL),
(2272, 'TI16190001', '$2y$10$b.MbIc8BiGtj2aZ3eDSkXuVpGWNYisrIotGVRz1UkALcKXsWhN.5a', '0', '1', 2, NULL, NULL, NULL),
(2273, 'TI16190003', '$2y$10$8o1AbatO9OsSZkw7kC4VFuW0P5TGxgtVBTSuOUYEyRAnLiua1UnaW', '0', '1', 2, NULL, NULL, NULL),
(2274, 'TI16190004', '$2y$10$fvlzpavKqUoDfFDZ7CU.xuj893kXRYRdLbq.Db9myoap1GFWAnr1m', '0', '1', 2, NULL, NULL, NULL),
(2275, 'TI16190005', '$2y$10$NHlKtLOjPSsNKfiGOR8Pve6I5rmw41XXG62RDqBpewFNk4PpmmpHO', '0', '1', 2, NULL, NULL, NULL),
(2276, 'TI16190006', '$2y$10$E0pc2lVbSnyiR/HJV9z3zOSXDEgMcE32zmOXcI6ZzmCSN33W.JVJm', '0', '1', 2, NULL, NULL, NULL),
(2277, 'TI16190008', '$2y$10$g9uunFqS.bvW73Gtd5knoeha6zZlGCMP6TIRODsMlKL8KO3O5SwxO', '0', '1', 2, NULL, NULL, NULL),
(2278, 'TI16190009', '$2y$10$TxLcstwKhhChfiRy0ChSuuZDrkVF3fmhpAiPv1m63jP5ghXhHskEi', '0', '1', 2, NULL, NULL, NULL),
(2279, 'TI16190010', '$2y$10$LNEULfAwvyBuFn2jjFoB4e81buIbl.0ieKgaxRHsQ0EBjhb1xlkyC', '0', '1', 2, NULL, NULL, NULL),
(2280, 'TI16190011', '$2y$10$th/EPf5b2aoPLdj8gsKj2enAqgQeogbT1WgEu8d1gkSuUMu3XVXte', '0', '1', 2, NULL, NULL, NULL),
(2281, 'TI16190012', '$2y$10$KdKbLFCwdOeTcVNsIcVQ1.IyefA3Qm1mR4k0yKg04lBgQnbGiN1nO', '0', '1', 2, NULL, NULL, NULL),
(2282, 'TI16190013', '$2y$10$5A4p4CY./oTTbVfH3tHKuuSwVfJ2.vm1/odGvJC6jZT7LbEe0z4UW', '0', '1', 2, NULL, NULL, NULL),
(2283, 'TI16190014', '$2y$10$Wblqy.mZE7/LQM6fzi1vnOrhVWTa.IBQs9W0FJlRTE3bqallXB5iC', '0', '1', 2, NULL, NULL, NULL),
(2284, 'TI16190016', '$2y$10$Dwjaa57CX8406wWUgYSt6e6M09e4EtPxxZiNNf6GOitgUBVbANgUW', '0', '1', 2, NULL, NULL, NULL),
(2285, 'TI16190017', '$2y$10$deEvS0QQnynxdHTU6ySbWegh3Ed7yzxtCWrxw1Cw356bBpKECMnre', '0', '1', 2, NULL, NULL, NULL),
(2286, 'TI16190018', '$2y$10$SO/Ek7p0.as4hMI8QKV9oeUmFaa0Gw3N/oTQPNPljVy9a00nfM3W2', '0', '1', 2, NULL, NULL, NULL),
(2287, 'TI16190020', '$2y$10$9/TBMQ8TLgQAzT7ZrTA2E.Md65ooZ.Xn4j5URp02YPlq9TA35buAy', '0', '1', 2, NULL, NULL, NULL),
(2288, 'TI16190021', '$2y$10$8khIjlJOEmUMsxbokNxOk.B/9Cu7Ns9s5Gz2oce8ULY5rD6VJyPi6', '0', '1', 2, NULL, NULL, NULL),
(2289, 'TI16190022', '$2y$10$f.bHCvY1NFLj0ZB2FpqbW.Dq8xwmiCDT.YrOKWuTtG.P/ttAI8Scy', '0', '1', 2, NULL, NULL, NULL),
(2290, 'TI16190023', '$2y$10$mdzysUn2OHc41lHBuznOkuHWh6RqjU7iIelm9nLTVsGw.GEPLPudS', '0', '1', 2, NULL, NULL, NULL),
(2291, 'TI16190024', '$2y$10$z4tMkr31pVRSdkpVLad3wOVq7kkcKQ78KVMulXjKbO.HuMs7fSDHu', '0', '1', 2, NULL, NULL, NULL),
(2292, 'TI16190025', '$2y$10$It.auSZznnNM2ecgbYnNj.hPIqGhUbAVCdU0ulhco9qnq8ItoRE.2', '0', '1', 2, NULL, NULL, NULL),
(2293, 'TI16190026', '$2y$10$KBgUaTtQKWiHCpc4pEXkjuU3ZbMna5/PiE0peV4lR4DfprsokbJdy', '0', '1', 2, NULL, NULL, NULL),
(2294, 'superadministrator', '$2y$10$RDW46oStmkrcDM649ZjfhuANjbZ6to7kbuBRLK2aCK2e0pXoxgVWi', '0', '1', 3, NULL, '2021-09-07 23:47:48', '2021-09-07 23:47:48');

--
-- Indexes for dumped tables
--

--
-- Indexes for table `akses`
--
ALTER TABLE `akses`
  ADD PRIMARY KEY (`id`),
  ADD KEY `akses_menu_id_foreign` (`menu_id`),
  ADD KEY `akses_role_id_foreign` (`role_id`);

--
-- Indexes for table `dosen`
--
ALTER TABLE `dosen`
  ADD PRIMARY KEY (`id`),
  ADD UNIQUE KEY `nidn` (`nidn`);

--
-- Indexes for table `failed_jobs`
--
ALTER TABLE `failed_jobs`
  ADD PRIMARY KEY (`id`),
  ADD UNIQUE KEY `failed_jobs_uuid_unique` (`uuid`);

--
-- Indexes for table `jadwal`
--
ALTER TABLE `jadwal`
  ADD PRIMARY KEY (`id`);

--
-- Indexes for table `kriteria`
--
ALTER TABLE `kriteria`
  ADD PRIMARY KEY (`id`);

--
-- Indexes for table `mata_kuliah`
--
ALTER TABLE `mata_kuliah`
  ADD PRIMARY KEY (`id`),
  ADD UNIQUE KEY `kode_mk` (`kode_mk`);

--
-- Indexes for table `menu`
--
ALTER TABLE `menu`
  ADD PRIMARY KEY (`id`);

--
-- Indexes for table `mhs`
--
ALTER TABLE `mhs`
  ADD PRIMARY KEY (`id`),
  ADD UNIQUE KEY `nim` (`nim`);

--
-- Indexes for table `migrations`
--
ALTER TABLE `migrations`
  ADD PRIMARY KEY (`id`);

--
-- Indexes for table `nilai_kriteria`
--
ALTER TABLE `nilai_kriteria`
  ADD PRIMARY KEY (`id`),
  ADD KEY `nilai_foreign_responden` (`id_responden_kriteria`),
  ADD KEY `nilai_foreign_kriteria` (`id_kriteria`);

--
-- Indexes for table `nilai_kuisioner`
--
ALTER TABLE `nilai_kuisioner`
  ADD PRIMARY KEY (`id`),
  ADD KEY `kuisioner_foreign_responden` (`id_responden_kuisioner`),
  ADD KEY `kuisioner_foreign_kriteria` (`id_kriteria`);

--
-- Indexes for table `nilai_pilihan`
--
ALTER TABLE `nilai_pilihan`
  ADD PRIMARY KEY (`id`);

--
-- Indexes for table `password_resets`
--
ALTER TABLE `password_resets`
  ADD KEY `password_resets_email_index` (`email`);

--
-- Indexes for table `responden_kriteria`
--
ALTER TABLE `responden_kriteria`
  ADD PRIMARY KEY (`id`);

--
-- Indexes for table `responden_kuisioner`
--
ALTER TABLE `responden_kuisioner`
  ADD PRIMARY KEY (`id`),
  ADD KEY `responden_foreign_mhs` (`nim`),
  ADD KEY `responden_foreign_mk` (`kode_mk`),
  ADD KEY `responden_foreign_dosen` (`nidn`);

--
-- Indexes for table `role`
--
ALTER TABLE `role`
  ADD PRIMARY KEY (`id`);

--
-- Indexes for table `semester`
--
ALTER TABLE `semester`
  ADD PRIMARY KEY (`id`);

--
-- Indexes for table `setting`
--
ALTER TABLE `setting`
  ADD PRIMARY KEY (`id`);

--
-- Indexes for table `submenu`
--
ALTER TABLE `submenu`
  ADD PRIMARY KEY (`id`),
  ADD KEY `submenu_menu_id_foreign` (`menu_id`);

--
-- Indexes for table `user`
--
ALTER TABLE `user`
  ADD PRIMARY KEY (`id`),
  ADD UNIQUE KEY `user_username_unique` (`username`),
  ADD KEY `user_role_id_foreign` (`role_id`);

--
-- AUTO_INCREMENT for dumped tables
--

--
-- AUTO_INCREMENT for table `akses`
--
ALTER TABLE `akses`
  MODIFY `id` bigint(20) UNSIGNED NOT NULL AUTO_INCREMENT, AUTO_INCREMENT=26;

--
-- AUTO_INCREMENT for table `dosen`
--
ALTER TABLE `dosen`
  MODIFY `id` int(10) UNSIGNED NOT NULL AUTO_INCREMENT, AUTO_INCREMENT=679;

--
-- AUTO_INCREMENT for table `failed_jobs`
--
ALTER TABLE `failed_jobs`
  MODIFY `id` bigint(20) UNSIGNED NOT NULL AUTO_INCREMENT;

--
-- AUTO_INCREMENT for table `jadwal`
--
ALTER TABLE `jadwal`
  MODIFY `id` int(10) UNSIGNED NOT NULL AUTO_INCREMENT, AUTO_INCREMENT=3950;

--
-- AUTO_INCREMENT for table `kriteria`
--
ALTER TABLE `kriteria`
  MODIFY `id` int(10) UNSIGNED NOT NULL AUTO_INCREMENT, AUTO_INCREMENT=17;

--
-- AUTO_INCREMENT for table `mata_kuliah`
--
ALTER TABLE `mata_kuliah`
  MODIFY `id` int(20) UNSIGNED NOT NULL AUTO_INCREMENT, AUTO_INCREMENT=1148;

--
-- AUTO_INCREMENT for table `menu`
--
ALTER TABLE `menu`
  MODIFY `id` bigint(20) UNSIGNED NOT NULL AUTO_INCREMENT, AUTO_INCREMENT=10;

--
-- AUTO_INCREMENT for table `mhs`
--
ALTER TABLE `mhs`
  MODIFY `id` int(10) UNSIGNED NOT NULL AUTO_INCREMENT, AUTO_INCREMENT=2213;

--
-- AUTO_INCREMENT for table `migrations`
--
ALTER TABLE `migrations`
  MODIFY `id` int(10) UNSIGNED NOT NULL AUTO_INCREMENT, AUTO_INCREMENT=12;

--
-- AUTO_INCREMENT for table `nilai_kriteria`
--
ALTER TABLE `nilai_kriteria`
  MODIFY `id` bigint(20) UNSIGNED NOT NULL AUTO_INCREMENT, AUTO_INCREMENT=113;

--
-- AUTO_INCREMENT for table `nilai_kuisioner`
--
ALTER TABLE `nilai_kuisioner`
  MODIFY `id` bigint(11) NOT NULL AUTO_INCREMENT, AUTO_INCREMENT=209;

--
-- AUTO_INCREMENT for table `nilai_pilihan`
--
ALTER TABLE `nilai_pilihan`
  MODIFY `id` int(11) NOT NULL AUTO_INCREMENT, AUTO_INCREMENT=6;

--
-- AUTO_INCREMENT for table `responden_kriteria`
--
ALTER TABLE `responden_kriteria`
  MODIFY `id` int(10) UNSIGNED NOT NULL AUTO_INCREMENT, AUTO_INCREMENT=7;

--
-- AUTO_INCREMENT for table `responden_kuisioner`
--
ALTER TABLE `responden_kuisioner`
  MODIFY `id` int(11) NOT NULL AUTO_INCREMENT, AUTO_INCREMENT=14;

--
-- AUTO_INCREMENT for table `role`
--
ALTER TABLE `role`
  MODIFY `id` bigint(20) UNSIGNED NOT NULL AUTO_INCREMENT, AUTO_INCREMENT=4;

--
-- AUTO_INCREMENT for table `semester`
--
ALTER TABLE `semester`
  MODIFY `id` int(11) NOT NULL AUTO_INCREMENT, AUTO_INCREMENT=2;

--
-- AUTO_INCREMENT for table `setting`
--
ALTER TABLE `setting`
  MODIFY `id` int(11) NOT NULL AUTO_INCREMENT, AUTO_INCREMENT=2;

--
-- AUTO_INCREMENT for table `submenu`
--
ALTER TABLE `submenu`
  MODIFY `id` bigint(20) UNSIGNED NOT NULL AUTO_INCREMENT, AUTO_INCREMENT=21;

--
-- AUTO_INCREMENT for table `user`
--
ALTER TABLE `user`
  MODIFY `id` bigint(20) UNSIGNED NOT NULL AUTO_INCREMENT, AUTO_INCREMENT=2295;

--
-- Constraints for dumped tables
--

--
-- Constraints for table `akses`
--
ALTER TABLE `akses`
  ADD CONSTRAINT `akses_menu_id_foreign` FOREIGN KEY (`menu_id`) REFERENCES `menu` (`id`) ON DELETE CASCADE ON UPDATE CASCADE,
  ADD CONSTRAINT `akses_role_id_foreign` FOREIGN KEY (`role_id`) REFERENCES `role` (`id`) ON DELETE CASCADE ON UPDATE CASCADE;

--
-- Constraints for table `nilai_kriteria`
--
ALTER TABLE `nilai_kriteria`
  ADD CONSTRAINT `nilai_foreign_kriteria` FOREIGN KEY (`id_kriteria`) REFERENCES `kriteria` (`id`) ON DELETE CASCADE ON UPDATE CASCADE,
  ADD CONSTRAINT `nilai_foreign_responden` FOREIGN KEY (`id_responden_kriteria`) REFERENCES `responden_kriteria` (`id`) ON DELETE CASCADE ON UPDATE CASCADE;

--
-- Constraints for table `nilai_kuisioner`
--
ALTER TABLE `nilai_kuisioner`
  ADD CONSTRAINT `kuisioner_foreign_kriteria` FOREIGN KEY (`id_kriteria`) REFERENCES `kriteria` (`id`) ON DELETE CASCADE ON UPDATE CASCADE,
  ADD CONSTRAINT `kuisioner_foreign_responden` FOREIGN KEY (`id_responden_kuisioner`) REFERENCES `responden_kuisioner` (`id`) ON DELETE CASCADE ON UPDATE CASCADE;

--
-- Constraints for table `responden_kuisioner`
--
ALTER TABLE `responden_kuisioner`
  ADD CONSTRAINT `responden_foreign_dosen` FOREIGN KEY (`nidn`) REFERENCES `dosen` (`nidn`) ON DELETE CASCADE ON UPDATE CASCADE,
  ADD CONSTRAINT `responden_foreign_mhs` FOREIGN KEY (`nim`) REFERENCES `mhs` (`nim`) ON DELETE CASCADE ON UPDATE CASCADE,
  ADD CONSTRAINT `responden_foreign_mk` FOREIGN KEY (`kode_mk`) REFERENCES `mata_kuliah` (`kode_mk`) ON DELETE CASCADE ON UPDATE CASCADE;

--
-- Constraints for table `submenu`
--
ALTER TABLE `submenu`
  ADD CONSTRAINT `submenu_menu_id_foreign` FOREIGN KEY (`menu_id`) REFERENCES `menu` (`id`) ON UPDATE CASCADE;

--
-- Constraints for table `user`
--
ALTER TABLE `user`
  ADD CONSTRAINT `user_role_id_foreign` FOREIGN KEY (`role_id`) REFERENCES `role` (`id`) ON UPDATE CASCADE;
COMMIT;

/*!40101 SET CHARACTER_SET_CLIENT=@OLD_CHARACTER_SET_CLIENT */;
/*!40101 SET CHARACTER_SET_RESULTS=@OLD_CHARACTER_SET_RESULTS */;
/*!40101 SET COLLATION_CONNECTION=@OLD_COLLATION_CONNECTION */;
